id,url,threat_type,label,label_text
1,https://www.dropbox.com/s/abc123/document.pdf,safe,0,safe
2,https://www.microsoft.com/en-us/windows,safe,0,safe
3,https://linktr.ee/suspiciousprofile?ref=7856,spam,1,malicious
4,https://www.bbc.com/news/world-us-canada,safe,0,safe
5,https://movie-free-download.pw/video.pdf.exe?ref=6744,malware,1,malicious
6,https://winner-prize-jackpot.tk/claim-reward,scam,1,malicious
7,https://stripe.com/docs/payments?utm_source=twitter,safe,0,safe
8,http://amazon-support-urgent.ml/account-issue?ref=2607,phishing,1,malicious
9,http://driver-update-required.ws/fix-error,malware,1,malicious
10,http://micros0ft-support.cf/auth/credential,phishing,1,malicious
11,http://apple-customer-service-help.tk/fix-error,phishing,1,malicious
12,http://paypal-customer-support.cf/immediate-action,phishing,1,malicious
13,http://beacons.ai/scamprofile,spam,1,malicious
14,https://www.shopify.com/blog/ecommerce,safe,0,safe
15,https://www.google.com/search?q=weather?utm_source=twitter,safe,0,safe
16,https://beacons.ai/scamprofile,spam,1,malicious
17,http://microsoft-tech-support-helpdesk.xyz/call-now,phishing,1,malicious
18,https://www.microsoft.com/en-us/windows,safe,0,safe
19,https://www.netflix.com/browse,safe,0,safe
20,https://www.twitter.com/elonmusk,safe,0,safe
21,https://www.amazon.com/dp/B08N5WRWNW,safe,0,safe
22,http://wa.me/1234567890,spam,1,malicious
23,http://bitcoin-doubler-legit.top/invest,scam,1,malicious
24,https://www.bbc.com/news/world-us-canada,safe,0,safe
25,https://www.twitch.tv/ninja,safe,0,safe
26,https://crypto-airdrop-double.ml/send-wallet,scam,1,malicious
27,https://www.notion.so/workspace/page?utm_source=twitter,safe,0,safe
28,http://iphone-winner-free.pw/claim-now?ref=2473,scam,1,malicious
29,https://www.youtube.com/watch?v=dQw4w9WgXcQ,safe,0,safe
30,https://beacons.ai/scamprofile,spam,1,malicious
31,https://stripe.com/docs/payments,safe,0,safe
32,http://beacons.ai/scamprofile?ref=3794,spam,1,malicious
33,http://paypal-customer-support.cf/immediate-action,phishing,1,malicious
34,http://amaz0n-order.gq/confirm/password,phishing,1,malicious
35,https://www.apple.com/iphone,safe,0,safe
36,http://paypal-customer-support.cf/immediate-action,phishing,1,malicious
37,http://crypto-profit-guaranteed.work/join?ref=7203,scam,1,malicious
38,https://winner-prize-jackpot.tk/claim-reward,scam,1,malicious
39,https://bio.link/fakeinfluencer,spam,1,malicious
40,https://www.google.com/search?q=weather,safe,0,safe
41,https://www.amazon.com/dp/B08N5WRWNW,safe,0,safe
42,https://www.twitch.tv/ninja,safe,0,safe
43,https://www.dropbox.com/s/abc123/document.pdf,safe,0,safe
44,http://iphone-winner-free.pw/claim-now,scam,1,malicious
45,http://paypal-customer-support.cf/immediate-action,phishing,1,malicious
46,http://instagram-help.club/password/reset,phishing,1,malicious
47,https://www.instagram.com/p/ABC123xyz?utm_source=twitter,safe,0,safe
48,http://free-bitcoin-giveaway.xyz/claim?ref=3901,scam,1,malicious
49,http://update-flash-player.gq/patch.exe,malware,1,malicious
50,https://www.notion.so/workspace/page,safe,0,safe
51,https://www.canva.com/design/abc123,safe,0,safe
52,http://apple-customer-service-help.tk/fix-error,phishing,1,malicious
53,http://account-suspended-verify.click/restore,phishing,1,malicious
54,https://www.netflix.com/browse?utm_source=twitter,safe,0,safe
55,https://meet.google.com/abc-defg-hij,safe,0,safe
56,https://keygen-serial-free.ml/windows-activate?ref=3834,malware,1,malicious
57,http://apple-customer-service-help.tk/fix-error,phishing,1,malicious
58,https://www.spotify.com/playlist/37i9dQZF1DXcBWIGoYBM5M,safe,0,safe
59,http://update-flash-player.gq/patch.exe,malware,1,malicious
60,https://www.medium.com/@user/article-title?utm_source=twitter,safe,0,safe
61,https://www.bbc.com/news/world-us-canada?utm_source=twitter,safe,0,safe
62,https://free-gift-card-generator.cf/bonus,scam,1,malicious
63,https://movie-free-download.pw/video.pdf.exe,malware,1,malicious
64,https://www.stackoverflow.com/questions/12345,safe,0,safe
65,http://suspicious-site.carrd.co/,spam,1,malicious
66,https://www.stackoverflow.com/questions/12345?utm_source=twitter,safe,0,safe
67,https://lottery-winner-2024.gq/get-money,scam,1,malicious
68,https://t.me/cryptoscamchannel,spam,1,malicious
69,http://microsoft-tech-support-helpdesk.xyz/call-now,phishing,1,malicious
70,https://meet.google.com/abc-defg-hij,safe,0,safe
71,http://instagram-help.club/password/reset,phishing,1,malicious
72,https://www.discord.com/invite/abc123,safe,0,safe
73,https://www.notion.so/workspace/page,safe,0,safe
74,http://amazon-support-urgent.ml/account-issue,phishing,1,malicious
75,https://www.apple.com/iphone?utm_source=twitter,safe,0,safe
76,https://www.notion.so/workspace/page,safe,0,safe
77,https://www.youtube.com/watch?v=dQw4w9WgXcQ,safe,0,safe
78,https://beacons.ai/scamprofile,spam,1,malicious
79,http://update-flash-player.gq/patch.exe,malware,1,malicious
80,http://instagram-help.club/password/reset,phishing,1,malicious
81,https://www.discord.com/invite/abc123,safe,0,safe
82,https://www.medium.com/@user/article-title?utm_source=twitter,safe,0,safe
83,https://iphone-winner-free.pw/claim-now?ref=7904,scam,1,malicious
84,https://movie-free-download.pw/video.pdf.exe,malware,1,malicious
85,https://www.spotify.com/playlist/37i9dQZF1DXcBWIGoYBM5M,safe,0,safe
86,https://www.bbc.com/news/world-us-canada,safe,0,safe
87,https://beacons.ai/scamprofile,spam,1,malicious
88,https://www.wikipedia.org/wiki/Machine_learning?utm_source=twitter,safe,0,safe
89,http://paypal-customer-support.cf/immediate-action,phishing,1,malicious
90,https://www.zoom.us/j/1234567890,safe,0,safe
91,https://free-download-crack.xyz/photoshop.exe?ref=5247,malware,1,malicious
92,http://micros0ft-support.cf/auth/credential,phishing,1,malicious
93,https://winner-prize-jackpot.tk/claim-reward,scam,1,malicious
94,http://google-helpdesk-verify.gq/security-alert,phishing,1,malicious
95,http://crypto-airdrop-double.ml/send-wallet,scam,1,malicious
96,https://docs.google.com/document/d/1abc123,safe,0,safe
97,https://www.stackoverflow.com/questions/12345,safe,0,safe
98,https://www.bbc.com/news/world-us-canada,safe,0,safe
99,https://www.spotify.com/playlist/37i9dQZF1DXcBWIGoYBM5M,safe,0,safe
100,https://www.discord.com/invite/abc123,safe,0,safe
101,https://www.facebook.com/events/123456,safe,0,safe
102,https://www.twitter.com/elonmusk,safe,0,safe
103,http://apple-customer-service-help.tk/fix-error,phishing,1,malicious
104,https://www.paypal.com/invoice/abc123,safe,0,safe
105,https://www.medium.com/@user/article-title?utm_source=twitter,safe,0,safe
106,http://update-flash-player.gq/patch.exe,malware,1,malicious
107,https://www.dropbox.com/s/abc123/document.pdf,safe,0,safe
108,https://www.bbc.com/news/world-us-canada?utm_source=twitter,safe,0,safe
109,https://crypto-profit-guaranteed.work/join,scam,1,malicious
110,https://www.facebook.com/events/123456,safe,0,safe
111,https://www.zoom.us/j/1234567890,safe,0,safe
112,https://www.youtube.com/watch?v=dQw4w9WgXcQ?utm_source=twitter,safe,0,safe
113,https://www.reddit.com/r/programming?utm_source=twitter,safe,0,safe
114,https://www.netflix.com/browse,safe,0,safe
115,http://app1e-id.pw/verify/account,phishing,1,malicious
116,https://docs.google.com/document/d/1abc123?utm_source=twitter,safe,0,safe
117,http://update-flash-player.gq/patch.exe,malware,1,malicious
118,http://apple-customer-service-help.tk/fix-error,phishing,1,malicious
119,https://www.netflix.com/browse?utm_source=twitter,safe,0,safe
120,https://www.zoom.us/j/1234567890?utm_source=twitter,safe,0,safe
121,http://netflix-billing.top/account/verify,phishing,1,malicious
122,https://www.notion.so/workspace/page,safe,0,safe
123,https://stripe.com/docs/payments?utm_source=twitter,safe,0,safe
124,https://www.bbc.com/news/world-us-canada?utm_source=twitter,safe,0,safe
125,https://www.shopify.com/blog/ecommerce,safe,0,safe
126,http://192.168.1.1/banking/login.php,phishing,1,malicious
127,https://login-verification-required.work/signin,phishing,1,malicious
128,https://www.reddit.com/r/programming?utm_source=twitter,safe,0,safe
129,https://www.amazon.com/dp/B08N5WRWNW,safe,0,safe
130,http://microsoft-tech-support-helpdesk.xyz/call-now?ref=1752,phishing,1,malicious
131,https://www.google.com/search?q=weather,safe,0,safe
132,https://www.medium.com/@user/article-title,safe,0,safe
133,https://t.me/cryptoscamchannel,spam,1,malicious
134,https://www.linkedin.com/in/satyanadella,safe,0,safe
135,http://game-hack-cheat.tk/download/install?ref=6915,malware,1,malicious
136,https://www.discord.com/invite/abc123?utm_source=twitter,safe,0,safe
137,https://login-verification-required.work/signin,phishing,1,malicious
138,https://www.netflix.com/browse,safe,0,safe
139,http://software-crack-2024.cc/office-keygen,malware,1,malicious
140,https://www.medium.com/@user/article-title,safe,0,safe
141,http://update-flash-player.gq/patch.exe,malware,1,malicious
142,https://www.stackoverflow.com/questions/12345,safe,0,safe
143,http://microsoft-tech-support-helpdesk.xyz/call-now,phishing,1,malicious
144,https://www.youtube.com/watch?v=dQw4w9WgXcQ,safe,0,safe
145,https://www.wikipedia.org/wiki/Machine_learning?utm_source=twitter,safe,0,safe
146,https://docs.google.com/document/d/1abc123,safe,0,safe
147,https://www.spotify.com/playlist/37i9dQZF1DXcBWIGoYBM5M?utm_source=twitter,safe,0,safe
148,http://app1e-id.pw/verify/account,phishing,1,malicious
149,https://www.reddit.com/r/programming,safe,0,safe
150,https://www.github.com/microsoft/vscode,safe,0,safe
151,http://apple-customer-service-help.tk/fix-error,phishing,1,malicious
152,http://software-crack-2024.cc/office-keygen,malware,1,malicious
153,https://www.google.com/search?q=weather?utm_source=twitter,safe,0,safe
154,https://bitcoin-doubler-legit.top/invest,scam,1,malicious
155,http://paypa1-verify.ml/secure/login,phishing,1,malicious
156,https://www.github.com/microsoft/vscode?utm_source=twitter,safe,0,safe
157,https://bio.link/fakeinfluencer,spam,1,malicious
158,https://earn-5000-daily.xyz/signup,scam,1,malicious
159,https://www.twitch.tv/ninja,safe,0,safe
160,https://free-download-crack.xyz/photoshop.exe,malware,1,malicious
161,http://antivirus-free-download.cf/scan-fix,malware,1,malicious
162,https://www.figma.com/file/abc123/design,safe,0,safe
163,https://wa.me/1234567890,spam,1,malicious
164,https://www.twitter.com/elonmusk,safe,0,safe
165,https://www.twitter.com/elonmusk,safe,0,safe
166,https://docs.google.com/document/d/1abc123,safe,0,safe
167,http://antivirus-free-download.cf/scan-fix,malware,1,malicious
168,https://www.medium.com/@user/article-title,safe,0,safe
169,http://secure-bank-login.xyz/update/credential,phishing,1,malicious
170,https://driver-update-required.ws/fix-error,malware,1,malicious
171,http://amaz0n-order.gq/confirm/password,phishing,1,malicious
172,https://www.reddit.com/r/programming,safe,0,safe
173,https://www.youtube.com/watch?v=dQw4w9WgXcQ?utm_source=twitter,safe,0,safe
174,http://bio.link/fakeinfluencer,spam,1,malicious
175,https://docs.google.com/document/d/1abc123,safe,0,safe
176,https://lottery-winner-2024.gq/get-money,scam,1,malicious
177,http://amazon-support-urgent.ml/account-issue,phishing,1,malicious
178,https://crypto-airdrop-double.ml/send-wallet,scam,1,malicious
179,https://www.google.com/search?q=weather,safe,0,safe
180,https://login-verification-required.work/signin,phishing,1,malicious
181,https://crypto-airdrop-double.ml/send-wallet,scam,1,malicious
182,https://www.nytimes.com/2024/01/15/technology/ai.html,safe,0,safe
183,https://free-download-crack.xyz/photoshop.exe,malware,1,malicious
184,https://nft-free-airdrop.club/connect-wallet,scam,1,malicious
185,https://www.shopify.com/blog/ecommerce,safe,0,safe
186,https://www.linkedin.com/in/satyanadella,safe,0,safe
187,https://www.twitch.tv/ninja,safe,0,safe
188,https://stripe.com/docs/payments,safe,0,safe
189,https://tinyurl.com/suspicious123,spam,1,malicious
190,https://game-hack-cheat.tk/download/install,malware,1,malicious
191,https://www.reddit.com/r/programming,safe,0,safe
192,https://free-download-crack.xyz/photoshop.exe?ref=2896,malware,1,malicious
193,https://www.stackoverflow.com/questions/12345,safe,0,safe
194,https://earn-5000-daily.xyz/signup,scam,1,malicious
195,https://www.notion.so/workspace/page,safe,0,safe
196,http://paypal-customer-support.cf/immediate-action,phishing,1,malicious
197,https://earn-5000-daily.xyz/signup,scam,1,malicious
198,https://www.google.com/search?q=weather,safe,0,safe
199,https://www.spotify.com/playlist/37i9dQZF1DXcBWIGoYBM5M,safe,0,safe
200,https://www.medium.com/@user/article-title?utm_source=twitter,safe,0,safe
201,http://google-helpdesk-verify.gq/security-alert?ref=1200,phishing,1,malicious
202,https://www.canva.com/design/abc123,safe,0,safe
203,https://movie-free-download.pw/video.pdf.exe,malware,1,malicious
204,https://docs.google.com/document/d/1abc123,safe,0,safe
205,https://linktr.ee/suspiciousprofile,spam,1,malicious
206,http://google-helpdesk-verify.gq/security-alert,phishing,1,malicious
207,https://crypto-airdrop-double.ml/send-wallet,scam,1,malicious
208,https://www.spotify.com/playlist/37i9dQZF1DXcBWIGoYBM5M,safe,0,safe
209,https://docs.google.com/document/d/1abc123?utm_source=twitter,safe,0,safe
210,https://linktr.ee/suspiciousprofile,spam,1,malicious
211,http://antivirus-free-download.cf/scan-fix,malware,1,malicious
212,https://www.twitch.tv/ninja?utm_source=twitter,safe,0,safe
213,https://www.twitch.tv/ninja,safe,0,safe
214,https://bitcoin-doubler-legit.top/invest,scam,1,malicious
215,https://keygen-serial-free.ml/windows-activate,malware,1,malicious
216,http://nft-free-airdrop.club/connect-wallet,scam,1,malicious
217,http://game-hack-cheat.tk/download/install,malware,1,malicious
218,https://free-download-crack.xyz/photoshop.exe,malware,1,malicious
219,https://bit.ly/3xScAmLnK,spam,1,malicious
220,https://keygen-serial-free.ml/windows-activate,malware,1,malicious
221,https://bitcoin-doubler-legit.top/invest,scam,1,malicious
222,http://secure-bank-login.xyz/update/credential,phishing,1,malicious
223,https://www.stackoverflow.com/questions/12345,safe,0,safe
224,https://linktr.ee/suspiciousprofile,spam,1,malicious
225,https://www.figma.com/file/abc123/design,safe,0,safe
226,https://beacons.ai/scamprofile?ref=8666,spam,1,malicious
227,https://www.microsoft.com/en-us/windows?utm_source=twitter,safe,0,safe
228,https://www.nytimes.com/2024/01/15/technology/ai.html,safe,0,safe
229,https://www.google.com/search?q=weather?utm_source=twitter,safe,0,safe
230,http://netflix-billing.top/account/verify,phishing,1,malicious
231,https://www.stackoverflow.com/questions/12345?utm_source=twitter,safe,0,safe
232,https://stripe.com/docs/payments,safe,0,safe
233,https://winner-prize-jackpot.tk/claim-reward,scam,1,malicious
234,https://www.youtube.com/watch?v=dQw4w9WgXcQ,safe,0,safe
235,https://keygen-serial-free.ml/windows-activate,malware,1,malicious
236,https://docs.google.com/document/d/1abc123,safe,0,safe
237,https://www.nytimes.com/2024/01/15/technology/ai.html,safe,0,safe
238,http://antivirus-free-download.cf/scan-fix,malware,1,malicious
239,http://crypto-profit-guaranteed.work/join,scam,1,malicious
240,https://www.medium.com/@user/article-title,safe,0,safe
241,http://faceb00k-security.tk/account/update,phishing,1,malicious
242,http://lottery-winner-2024.gq/get-money,scam,1,malicious
243,https://www.spotify.com/playlist/37i9dQZF1DXcBWIGoYBM5M,safe,0,safe
244,https://www.microsoft.com/en-us/windows?utm_source=twitter,safe,0,safe
245,https://www.amazon.com/dp/B08N5WRWNW,safe,0,safe
246,https://www.linkedin.com/in/satyanadella,safe,0,safe
247,https://www.amazon.com/dp/B08N5WRWNW,safe,0,safe
248,https://www.facebook.com/events/123456?utm_source=twitter,safe,0,safe
249,https://www.notion.so/workspace/page?utm_source=twitter,safe,0,safe
250,https://www.medium.com/@user/article-title,safe,0,safe
251,https://meet.google.com/abc-defg-hij,safe,0,safe
252,http://microsoft-tech-support-helpdesk.xyz/call-now,phishing,1,malicious
253,https://www.apple.com/iphone,safe,0,safe
254,https://www.paypal.com/invoice/abc123,safe,0,safe
255,https://www.spotify.com/playlist/37i9dQZF1DXcBWIGoYBM5M,safe,0,safe
256,http://bit.ly/3xScAmLnK,spam,1,malicious
257,https://crypto-airdrop-double.ml/send-wallet,scam,1,malicious
258,https://www.twitch.tv/ninja,safe,0,safe
259,https://www.paypal.com/invoice/abc123,safe,0,safe
260,http://keygen-serial-free.ml/windows-activate,malware,1,malicious
261,https://www.reddit.com/r/programming?utm_source=twitter,safe,0,safe
262,http://software-crack-2024.cc/office-keygen,malware,1,malicious
263,https://www.google.com/search?q=weather?utm_source=twitter,safe,0,safe
264,https://www.youtube.com/watch?v=dQw4w9WgXcQ,safe,0,safe
265,http://paypal-customer-support.cf/immediate-action,phishing,1,malicious
266,http://tinyurl.com/suspicious123,spam,1,malicious
267,http://microsoft-tech-support-helpdesk.xyz/call-now?ref=2315,phishing,1,malicious
268,https://www.linkedin.com/in/satyanadella,safe,0,safe
269,https://www.shopify.com/blog/ecommerce?utm_source=twitter,safe,0,safe
270,http://winner-prize-jackpot.tk/claim-reward,scam,1,malicious
271,http://amazon-support-urgent.ml/account-issue,phishing,1,malicious
272,http://amaz0n-order.gq/confirm/password,phishing,1,malicious
273,https://www.medium.com/@user/article-title,safe,0,safe
274,https://www.youtube.com/watch?v=dQw4w9WgXcQ,safe,0,safe
275,https://www.amazon.com/dp/B08N5WRWNW?utm_source=twitter,safe,0,safe
276,http://wa.me/1234567890,spam,1,malicious
277,https://www.paypal.com/invoice/abc123,safe,0,safe
278,https://www.discord.com/invite/abc123,safe,0,safe
279,http://paypal-customer-support.cf/immediate-action,phishing,1,malicious
280,https://www.dropbox.com/s/abc123/document.pdf,safe,0,safe
281,https://www.netflix.com/browse,safe,0,safe
282,https://www.dropbox.com/s/abc123/document.pdf,safe,0,safe
283,http://microsoft-tech-support-helpdesk.xyz/call-now,phishing,1,malicious
284,https://www.reddit.com/r/programming,safe,0,safe
285,http://apple-customer-service-help.tk/fix-error,phishing,1,malicious
286,https://www.twitch.tv/ninja?utm_source=twitter,safe,0,safe
287,https://www.microsoft.com/en-us/windows,safe,0,safe
288,https://www.bbc.com/news/world-us-canada?utm_source=twitter,safe,0,safe
289,http://crypto-profit-guaranteed.work/join?ref=6616,scam,1,malicious
290,https://www.amazon.com/dp/B08N5WRWNW,safe,0,safe
291,http://paypal-customer-support.cf/immediate-action,phishing,1,malicious
292,https://iphone-winner-free.pw/claim-now?ref=5671,scam,1,malicious
293,http://amazon-support-urgent.ml/account-issue,phishing,1,malicious
294,http://software-crack-2024.cc/office-keygen,malware,1,malicious
295,https://www.apple.com/iphone,safe,0,safe
296,https://www.twitch.tv/ninja,safe,0,safe
297,http://nft-free-airdrop.club/connect-wallet,scam,1,malicious
298,http://antivirus-free-download.cf/scan-fix,malware,1,malicious
299,https://www.twitch.tv/ninja,safe,0,safe
300,https://tinyurl.com/suspicious123?ref=4732,spam,1,malicious
301,https://www.google.com/search?q=weather,safe,0,safe
302,https://www.amazon.com/dp/B08N5WRWNW,safe,0,safe
303,https://www.youtube.com/watch?v=dQw4w9WgXcQ,safe,0,safe
304,https://www.instagram.com/p/ABC123xyz,safe,0,safe
305,http://apple-customer-service-help.tk/fix-error?ref=4335,phishing,1,malicious
306,https://www.shopify.com/blog/ecommerce,safe,0,safe
307,https://www.notion.so/workspace/page,safe,0,safe
308,https://www.medium.com/@user/article-title,safe,0,safe
309,https://bitcoin-doubler-legit.top/invest?ref=3181,scam,1,malicious
310,https://www.discord.com/invite/abc123,safe,0,safe
311,http://amaz0n-order.gq/confirm/password?ref=4054,phishing,1,malicious
312,http://paypal-customer-support.cf/immediate-action,phishing,1,malicious
313,https://stripe.com/docs/payments,safe,0,safe
314,https://www.shopify.com/blog/ecommerce,safe,0,safe
315,http://paypal-customer-support.cf/immediate-action,phishing,1,malicious
316,https://www.bbc.com/news/world-us-canada?utm_source=twitter,safe,0,safe
317,https://www.apple.com/iphone,safe,0,safe
318,https://www.zoom.us/j/1234567890,safe,0,safe
319,http://free-gift-card-generator.cf/bonus,scam,1,malicious
320,http://amaz0n-order.gq/confirm/password,phishing,1,malicious
321,https://stripe.com/docs/payments?utm_source=twitter,safe,0,safe
322,https://winner-prize-jackpot.tk/claim-reward?ref=4054,scam,1,malicious
323,https://www.youtube.com/watch?v=dQw4w9WgXcQ,safe,0,safe
324,http://faceb00k-security.tk/account/update,phishing,1,malicious
325,https://www.wikipedia.org/wiki/Machine_learning?utm_source=twitter,safe,0,safe
326,https://www.twitter.com/elonmusk,safe,0,safe
327,https://www.instagram.com/p/ABC123xyz?utm_source=twitter,safe,0,safe
328,https://www.reddit.com/r/programming?utm_source=twitter,safe,0,safe
329,https://www.twitch.tv/ninja,safe,0,safe
330,https://stripe.com/docs/payments,safe,0,safe
331,https://tinyurl.com/suspicious123,spam,1,malicious
332,http://amazon-support-urgent.ml/account-issue,phishing,1,malicious
333,https://crypto-airdrop-double.ml/send-wallet,scam,1,malicious
334,https://www.wikipedia.org/wiki/Machine_learning,safe,0,safe
335,https://www.nytimes.com/2024/01/15/technology/ai.html,safe,0,safe
336,https://www.twitter.com/elonmusk,safe,0,safe
337,http://beacons.ai/scamprofile,spam,1,malicious
338,https://meet.google.com/abc-defg-hij,safe,0,safe
339,http://update-flash-player.gq/patch.exe,malware,1,malicious
340,https://www.medium.com/@user/article-title,safe,0,safe
341,https://tinyurl.com/suspicious123,spam,1,malicious
342,http://apple-customer-service-help.tk/fix-error?ref=3493,phishing,1,malicious
343,http://update-flash-player.gq/patch.exe,malware,1,malicious
344,https://stripe.com/docs/payments?utm_source=twitter,safe,0,safe
345,https://beacons.ai/scamprofile,spam,1,malicious
346,https://www.figma.com/file/abc123/design,safe,0,safe
347,https://www.canva.com/design/abc123,safe,0,safe
348,http://amazon-support-urgent.ml/account-issue,phishing,1,malicious
349,http://g00gle-login.xyz/signin/verify?ref=7801,phishing,1,malicious
350,https://movie-free-download.pw/video.pdf.exe,malware,1,malicious
351,http://lottery-winner-2024.gq/get-money,scam,1,malicious
352,https://www.google.com/search?q=weather?utm_source=twitter,safe,0,safe
353,https://www.medium.com/@user/article-title,safe,0,safe
354,http://linktr.ee/suspiciousprofile,spam,1,malicious
355,http://wa.me/1234567890?ref=1807,spam,1,malicious
356,https://free-download-crack.xyz/photoshop.exe,malware,1,malicious
357,https://movie-free-download.pw/video.pdf.exe,malware,1,malicious
358,https://www.notion.so/workspace/page,safe,0,safe
359,https://stripe.com/docs/payments,safe,0,safe
360,https://www.facebook.com/events/123456,safe,0,safe
361,http://nft-free-airdrop.club/connect-wallet?ref=7821,scam,1,malicious
362,https://www.dropbox.com/s/abc123/document.pdf,safe,0,safe
363,http://bit.ly/3xScAmLnK,spam,1,malicious
364,http://antivirus-free-download.cf/scan-fix?ref=4769,malware,1,malicious
365,http://crypto-profit-guaranteed.work/join,scam,1,malicious
366,https://suspicious-site.carrd.co/,spam,1,malicious
367,https://www.youtube.com/watch?v=dQw4w9WgXcQ?utm_source=twitter,safe,0,safe
368,http://netflix-billing.top/account/verify,phishing,1,malicious
369,http://wa.me/1234567890,spam,1,malicious
370,https://www.github.com/microsoft/vscode,safe,0,safe
371,http://microsoft-tech-support-helpdesk.xyz/call-now,phishing,1,malicious
372,http://secure-bank-login.xyz/update/credential,phishing,1,malicious
373,https://game-hack-cheat.tk/download/install?ref=2521,malware,1,malicious
374,http://instagram-help.club/password/reset,phishing,1,malicious
375,http://faceb00k-security.tk/account/update,phishing,1,malicious
376,https://www.medium.com/@user/article-title,safe,0,safe
377,http://faceb00k-security.tk/account/update,phishing,1,malicious
378,https://free-bitcoin-giveaway.xyz/claim,scam,1,malicious
379,https://free-gift-card-generator.cf/bonus,scam,1,malicious
380,https://www.google.com/search?q=weather,safe,0,safe
381,https://www.dropbox.com/s/abc123/document.pdf,safe,0,safe
382,https://www.canva.com/design/abc123,safe,0,safe
383,https://www.wikipedia.org/wiki/Machine_learning?utm_source=twitter,safe,0,safe
384,https://www.figma.com/file/abc123/design,safe,0,safe
385,http://amaz0n-order.gq/confirm/password,phishing,1,malicious
386,https://winner-prize-jackpot.tk/claim-reward,scam,1,malicious
387,http://instagram-help.club/password/reset,phishing,1,malicious
388,https://www.medium.com/@user/article-title,safe,0,safe
389,https://www.facebook.com/events/123456?utm_source=twitter,safe,0,safe
390,http://apple-customer-service-help.tk/fix-error,phishing,1,malicious
391,https://www.shopify.com/blog/ecommerce?utm_source=twitter,safe,0,safe
392,https://www.shopify.com/blog/ecommerce,safe,0,safe
393,https://www.spotify.com/playlist/37i9dQZF1DXcBWIGoYBM5M?utm_source=twitter,safe,0,safe
394,https://www.spotify.com/playlist/37i9dQZF1DXcBWIGoYBM5M?utm_source=twitter,safe,0,safe
395,https://www.discord.com/invite/abc123?utm_source=twitter,safe,0,safe
396,https://www.notion.so/workspace/page,safe,0,safe
397,http://update-flash-player.gq/patch.exe?ref=4052,malware,1,malicious
398,https://www.microsoft.com/en-us/windows?utm_source=twitter,safe,0,safe
399,https://www.twitter.com/elonmusk,safe,0,safe
400,https://iphone-winner-free.pw/claim-now,scam,1,malicious
401,https://earn-5000-daily.xyz/signup,scam,1,malicious
402,http://microsoft-tech-support-helpdesk.xyz/call-now,phishing,1,malicious
403,https://www.netflix.com/browse?utm_source=twitter,safe,0,safe
404,https://www.github.com/microsoft/vscode,safe,0,safe
405,https://www.stackoverflow.com/questions/12345,safe,0,safe
406,http://tinyurl.com/suspicious123,spam,1,malicious
407,https://docs.google.com/document/d/1abc123,safe,0,safe
408,https://www.discord.com/invite/abc123,safe,0,safe
409,https://free-download-crack.xyz/photoshop.exe,malware,1,malicious
410,https://crypto-airdrop-double.ml/send-wallet,scam,1,malicious
411,http://microsoft-tech-support-helpdesk.xyz/call-now,phishing,1,malicious
412,https://linktr.ee/suspiciousprofile,spam,1,malicious
413,https://game-hack-cheat.tk/download/install,malware,1,malicious
414,http://paypal-customer-support.cf/immediate-action?ref=8031,phishing,1,malicious
415,https://suspicious-site.carrd.co/,spam,1,malicious
416,https://www.linkedin.com/in/satyanadella?utm_source=twitter,safe,0,safe
417,https://movie-free-download.pw/video.pdf.exe?ref=7136,malware,1,malicious
418,https://www.dropbox.com/s/abc123/document.pdf?utm_source=twitter,safe,0,safe
419,https://www.apple.com/iphone,safe,0,safe
420,https://www.reddit.com/r/programming?utm_source=twitter,safe,0,safe
421,http://update-flash-player.gq/patch.exe,malware,1,malicious
422,https://www.dropbox.com/s/abc123/document.pdf?utm_source=twitter,safe,0,safe
423,http://192.168.1.1/banking/login.php,phishing,1,malicious
424,https://www.stackoverflow.com/questions/12345,safe,0,safe
425,https://www.nytimes.com/2024/01/15/technology/ai.html,safe,0,safe
426,https://tinyurl.com/suspicious123,spam,1,malicious
427,http://update-flash-player.gq/patch.exe,malware,1,malicious
428,http://paypa1-verify.ml/secure/login,phishing,1,malicious
429,https://earn-5000-daily.xyz/signup,scam,1,malicious
430,https://www.twitch.tv/ninja,safe,0,safe
431,https://www.wikipedia.org/wiki/Machine_learning,safe,0,safe
432,http://instagram-help.club/password/reset,phishing,1,malicious
433,http://update-flash-player.gq/patch.exe?ref=2193,malware,1,malicious
434,https://docs.google.com/document/d/1abc123,safe,0,safe
435,https://www.twitch.tv/ninja,safe,0,safe
436,https://suspicious-site.carrd.co/,spam,1,malicious
437,https://tinyurl.com/suspicious123,spam,1,malicious
438,https://suspicious-site.carrd.co/?ref=9756,spam,1,malicious
439,https://www.facebook.com/events/123456?utm_source=twitter,safe,0,safe
440,https://www.facebook.com/events/123456,safe,0,safe
441,http://amazon-support-urgent.ml/account-issue,phishing,1,malicious
442,https://free-download-crack.xyz/photoshop.exe,malware,1,malicious
443,http://apple-customer-service-help.tk/fix-error?ref=7339,phishing,1,malicious
444,https://www.dropbox.com/s/abc123/document.pdf,safe,0,safe
445,http://amaz0n-order.gq/confirm/password,phishing,1,malicious
446,https://www.spotify.com/playlist/37i9dQZF1DXcBWIGoYBM5M,safe,0,safe
447,https://meet.google.com/abc-defg-hij,safe,0,safe
448,https://www.notion.so/workspace/page?utm_source=twitter,safe,0,safe
449,https://docs.google.com/document/d/1abc123?utm_source=twitter,safe,0,safe
450,https://www.google.com/search?q=weather,safe,0,safe
451,http://apple-customer-service-help.tk/fix-error,phishing,1,malicious
452,https://www.canva.com/design/abc123?utm_source=twitter,safe,0,safe
453,http://amazon-support-urgent.ml/account-issue,phishing,1,malicious
454,https://www.medium.com/@user/article-title?utm_source=twitter,safe,0,safe
455,https://www.youtube.com/watch?v=dQw4w9WgXcQ,safe,0,safe
456,https://www.twitch.tv/ninja,safe,0,safe
457,http://google-helpdesk-verify.gq/security-alert,phishing,1,malicious
458,http://netflix-billing.top/account/verify,phishing,1,malicious
459,https://www.twitter.com/elonmusk?utm_source=twitter,safe,0,safe
460,https://www.canva.com/design/abc123,safe,0,safe
461,https://bitcoin-doubler-legit.top/invest?ref=3848,scam,1,malicious
462,https://beacons.ai/scamprofile,spam,1,malicious
463,https://www.netflix.com/browse?utm_source=twitter,safe,0,safe
464,http://bitcoin-doubler-legit.top/invest,scam,1,malicious
465,https://stripe.com/docs/payments,safe,0,safe
466,https://crypto-airdrop-double.ml/send-wallet,scam,1,malicious
467,http://update-flash-player.gq/patch.exe,malware,1,malicious
468,http://google-helpdesk-verify.gq/security-alert,phishing,1,malicious
469,http://bit.ly/3xScAmLnK,spam,1,malicious
470,https://bit.ly/3xScAmLnK,spam,1,malicious
471,http://update-flash-player.gq/patch.exe,malware,1,malicious
472,http://software-crack-2024.cc/office-keygen,malware,1,malicious
473,https://t.me/cryptoscamchannel,spam,1,malicious
474,https://www.twitch.tv/ninja,safe,0,safe
475,https://www.shopify.com/blog/ecommerce?utm_source=twitter,safe,0,safe
476,http://antivirus-free-download.cf/scan-fix?ref=2970,malware,1,malicious
477,https://www.apple.com/iphone,safe,0,safe
478,https://game-hack-cheat.tk/download/install,malware,1,malicious
479,https://earn-5000-daily.xyz/signup,scam,1,malicious
480,https://driver-update-required.ws/fix-error,malware,1,malicious
481,http://google-helpdesk-verify.gq/security-alert?ref=9020,phishing,1,malicious
482,http://apple-customer-service-help.tk/fix-error,phishing,1,malicious
483,https://bit.ly/3xScAmLnK,spam,1,malicious
484,https://lottery-winner-2024.gq/get-money,scam,1,malicious
485,https://winner-prize-jackpot.tk/claim-reward?ref=5779,scam,1,malicious
486,http://netflix-billing.top/account/verify,phishing,1,malicious
487,https://www.canva.com/design/abc123,safe,0,safe
488,http://antivirus-free-download.cf/scan-fix,malware,1,malicious
489,https://www.paypal.com/invoice/abc123,safe,0,safe
490,http://instagram-help.club/password/reset,phishing,1,malicious
491,http://microsoft-tech-support-helpdesk.xyz/call-now,phishing,1,malicious
492,https://www.zoom.us/j/1234567890,safe,0,safe
493,https://login-verification-required.work/signin,phishing,1,malicious
494,https://www.paypal.com/invoice/abc123,safe,0,safe
495,http://linktr.ee/suspiciousprofile?ref=4913,spam,1,malicious
496,https://game-hack-cheat.tk/download/install,malware,1,malicious
497,https://www.spotify.com/playlist/37i9dQZF1DXcBWIGoYBM5M,safe,0,safe
498,https://www.nytimes.com/2024/01/15/technology/ai.html?utm_source=twitter,safe,0,safe
499,https://www.microsoft.com/en-us/windows,safe,0,safe
500,https://driver-update-required.ws/fix-error,malware,1,malicious
