id,username,display_name,bio,url,followers,following,tweets,account_age_days,has_profile_image,has_banner,verified,label,label_text
1,nicole_fashion,Mike Photography,Coffee snob | Remote worker | Digital nomad wannabe,https://instagram.com/lisaart,49756,678,3600,554,True,True,False,0,real
2,promo_offers_daily,ğŸ‰ Daily Giveaways ğŸ‰,Telegram: t.me/cryptoprofits | Join my channel for FREE trading signals!,https://linktr.ee/fakesignals,2153,3152,474,14,True,True,False,1,fake
3,steven_cooking,Tom Gaming,Dad jokes enthusiast | IT professional | Weekend warrior,,24573,127,9385,1800,True,False,False,0,real
4,grace_yoga,John Smith,Artist | Painter | Commissions open | Portfolio in link,,28607,260,7033,1394,True,True,False,0,real
5,emma_travels,Sarah Jones,Writer | Blogger | Sharing stories and experiences,https://johndoe.com,41367,1908,8957,2586,True,True,False,0,real
6,loooovecrypto,ğŸš€ğŸŒ™ğŸ’°ğŸ”¥âš¡,Real account of famous trader | Verified by community | Only real account!,,1764,2549,299,13,False,True,False,1,fake
7,sophia_art,Megan ğŸ•,Outdoor adventurer | Hiker | Nature photographer,,46755,936,7105,3549,True,False,False,0,real
8,joshua_science,Daniel Sports Fan,Writer | Blogger | Sharing stories and experiences,https://medium.com/@emmawrites,26400,245,5441,1063,True,True,False,0,real
9,amanda_dance,Steven Cooks,Travel enthusiast ğŸŒ | 25 countries and counting | Photography,,19090,880,9742,1095,True,True,False,0,real
10,trading_derivatives,ğŸ’¸ Make $5000/Day ğŸ’¸,24/7 customer support | Helpdesk | Message me on WA for instant help,https://linktr.ee/fakesignals,1721,2078,124,88,False,False,False,1,fake
11,joshua_science,Brian â˜•,Travel enthusiast ğŸŒ | 25 countries and counting | Photography,,44992,1013,2189,2734,True,False,False,0,real
12,eth_btc_signals,ğŸ’° Forex Signals Expert ğŸ’°,Official page of CryptoKing | Global service | 24/7 trading signals worldwide,,159,8342,243,86,True,False,False,1,fake
13,stephanie_music,Sarah Jones,Student | Learning every day | Future engineer,https://rachelfitness.com,34278,1552,3679,2666,True,True,False,0,real
14,nft_profits_daily,Director of Global Trading,Crypto trader | Forex signals | Guaranteed profit | DM for investment plans ğŸ’°,https://cryptoprofit.com/signals,3346,7191,384,40,True,True,False,1,fake
15,emma_travels,Kevin Outdoors,Dad jokes enthusiast | IT professional | Weekend warrior,https://github.com/mikecoder,8293,768,8472,371,True,True,False,0,real
16,eth_btc_signals,ğŸ‰ Daily Giveaways ğŸ‰,Crypto trader | Forex signals | Guaranteed profit | DM for investment plans ğŸ’°,https://bio.link/cryptoking,137,843,446,54,True,False,False,1,fake
17,tyler_photo,Brian â˜•,Coffee snob | Remote worker | Digital nomad wannabe,https://twitter.com/alexmusic,48792,1503,9956,195,True,True,False,0,real
18,john827319423,Fan Account (Parody),"ğŸš€ Earn $1000 per day with my trading signals! No risk, 100% profit! t.me/fakesignals",https://forex-signals-pro.com/profit,872,4202,261,21,False,True,False,1,fake
19,83aborhan,Owner of CryptoVault,Official page of CryptoKing | Global service | 24/7 trading signals worldwide,https://cryptoprofit.com/signals,3634,8378,376,54,False,False,False,1,fake
20,bitcoin_doubler,ğŸ’° Forex Signals Expert ğŸ’°,18+ | OnlyFans creator | NSFW content | Adult only ğŸ” Check my bio link!,,96,7874,51,33,True,False,False,1,fake
21,stephanie_music,Kevin Outdoors,Plant parent ğŸŒ± | Yoga practitioner | Mindfulness advocate,,31598,1159,8866,3116,True,True,False,0,real
22,loooovecrypto,Real Elon Fan Account,Crypto trader | Forex signals | Guaranteed profit | DM for investment plans ğŸ’°,https://bio.link/cryptoking,518,910,351,44,True,False,False,1,fake
23,signals_forex123,ğŸ° Win Big Jackpot ğŸ°,Official page of CryptoKing | Global service | 24/7 trading signals worldwide,,503,1832,238,55,True,True,False,1,fake
24,breaking_alerts247,ğŸ”¥ Profit Daily Guaranteed ğŸ”¥,Official support for Binance users. DM for help 24/7. Not affiliated with Binance.,,2882,3053,412,30,True,False,False,1,fake
25,ashley_garden,Anna Foodie,Pet lover | Rescue advocate | My dog runs this account,https://linkedin.com/in/sarahjones,35300,832,2409,3600,True,True,False,0,real
26,emma_travels,Olivia ğŸ“š,Graphic designer based in NYC | Available for freelance work,https://twitter.com/alexmusic,11529,521,9089,1408,True,False,False,0,real
27,helpdesk_official,ğŸ’° Forex Signals Expert ğŸ’°,Tap the link in bio! ğŸ”— Free crypto! Investment plan available! DM for details!,,2479,1116,441,78,True,True,False,1,fake
28,ashley_garden,Anna Foodie,Dad jokes enthusiast | IT professional | Weekend warrior,,17367,767,8398,3026,True,True,False,0,real
29,profits_guaranteed,Fan Account (Parody),Official page of CryptoKing | Global service | 24/7 trading signals worldwide,https://bio.link/cryptoking,3604,9504,132,62,True,True,False,1,fake
30,ashley_garden,Mike Photography,Music producer | Guitar player | Living for the weekends,https://linkedin.com/in/sarahjones,49541,757,6969,3629,True,False,False,0,real
31,daniel_sports,Mike Photography,Artist | Painter | Commissions open | Portfolio in link,https://instagram.com/lisaart,11296,447,4541,1708,True,True,False,0,real
32,eth_btc_signals,ğŸš€ CEO of CryptoGains ğŸš€,DM me for collab | Promo | Marketing services | Fast money guaranteed!,https://instabio.cc/fakeprofile,2855,2643,84,87,False,False,False,1,fake
33,jennifer_diy,Ashley Garden Life,Writer | Blogger | Sharing stories and experiences,,34703,1283,2777,444,True,True,False,0,real
34,marketing_deals_pro,ğŸ’° Forex Signals Expert ğŸ’°,Follow4follow | F4F | Gain followers fast! Link in bio for free followers!,https://instabio.cc/fakeprofile,1056,5514,371,49,False,True,False,1,fake
35,ryan_movies,David - Software Dev,Bookworm | Currently reading: too many books | Recommendations welcome,https://rachelfitness.com,48304,716,9068,3192,True,False,True,0,real
36,nicole_fashion,Rachel | Fitness Coach,DIY projects | Home improvement | Learning as I go,https://youtube.com/davidtech,45683,607,3810,533,True,False,False,0,real
37,daily_giveaway_win,ğŸš€ğŸŒ™ğŸ’°ğŸ”¥âš¡,Tap the link in bio! ğŸ”— Free crypto! Investment plan available! DM for details!,https://mysite.carrd.co/,2420,1602,305,32,True,False,False,1,fake
38,btc_trader99821,ğŸ’µ Investment Expert ğŸ’µ,Daily giveaways! Retweet for a chance to win $1000! Send wallet address to claim!,https://t.me/cryptoscam,3186,1499,78,53,True,True,False,1,fake
39,auto_news_bot,ğŸ‰ Daily Giveaways ğŸ‰,Send me 0.1 BTC and I will send back 1 BTC! Double your money! ğŸ,https://telegram.me/scamchannel,685,7842,274,88,True,False,False,1,fake
40,olivia_books,Ashley Garden Life,Dad jokes enthusiast | IT professional | Weekend warrior,https://github.com/mikecoder,41285,1514,6472,621,True,True,False,0,real
41,news_updates_alert,Real Elon Fan Account,Crypto trader | Forex signals | Guaranteed profit | DM for investment plans ğŸ’°,https://linktr.ee/fakesignals,2146,8551,65,12,True,False,False,1,fake
42,realcryptotrader,ğŸ° Win Big Jackpot ğŸ°,Daily giveaways! Retweet for a chance to win $1000! Send wallet address to claim!,,1563,4126,314,72,True,True,False,1,fake
43,james_tech,Ryan Movie Buff,Fitness coach | Helping people reach their goals | DMs open for coaching inquiries,,6205,774,1994,2872,True,False,False,0,real
44,promo_offers_daily,ğŸ’ğŸ’ğŸ’ğŸ’ğŸ’,Crypto trader | Forex signals | Guaranteed profit | DM for investment plans ğŸ’°,https://fake-support.com/helpdesk,2280,8707,51,62,True,False,False,1,fake
45,eth_btc_signals,Real Elon Fan Account,24/7 customer support | Helpdesk | Message me on WA for instant help,,2249,3545,339,31,True,False,False,1,fake
46,ryan_movies,Chris Design Studio,Movie reviewer | Cinephile | No spoilers please,https://instagram.com/lisaart,27263,819,5789,3124,True,True,False,0,real
47,joshua_science,Tom Gaming,Fitness coach | Helping people reach their goals | DMs open for coaching inquiries,,11895,1141,3276,273,True,False,False,0,real
48,rachel_fitness,Daniel Sports Fan,Mom of 2 | Book lover | Trying to figure out life one day at a time,,32731,1769,2975,2025,True,True,False,0,real
49,daniel_sports,Tom Gaming,Home cook | Recipe developer | Food photography,,38005,1777,9966,3443,True,True,False,0,real
50,officialcryptohelp,Director of Global Trading,Send me 0.1 BTC and I will send back 1 BTC! Double your money! ğŸ,https://t.me/cryptoscam,3938,7528,422,14,False,True,False,1,fake
51,breaking_alerts247,ğŸ’ğŸ’ğŸ’ğŸ’ğŸ’,DM me for collab | Promo | Marketing services | Fast money guaranteed!,,4669,6074,121,76,True,True,False,1,fake
52,nsfw_content18,Fan Account (Parody),Forex signals | Bitcoin profits | Trade at your own risk | Not responsible for any loss,,1107,9933,466,39,True,True,False,1,fake
53,breaking_alerts247,ğŸ† Prize Winner Official ğŸ†,Crypto trader | Forex signals | Guaranteed profit | DM for investment plans ğŸ’°,https://forex-signals-pro.com/profit,2232,9831,478,86,True,False,False,1,fake
54,nsfw_content18,ğŸ”¥ Profit Daily Guaranteed ğŸ”¥,"ğŸš€ Earn $1000 per day with my trading signals! No risk, 100% profit! t.me/fakesignals",,2186,7127,247,50,False,True,False,1,fake
55,megan_pets,Megan ğŸ•,Home cook | Recipe developer | Food photography,https://twitter.com/alexmusic,2506,546,6801,1886,True,True,False,0,real
56,discounts_daily,Owner of CryptoVault,24/7 customer support | Helpdesk | Message me on WA for instant help,https://instabio.cc/fakeprofile,801,7116,145,52,True,False,False,1,fake
57,anna_foodie,David - Software Dev,Tech enthusiast | Reviewing gadgets | Opinions are my own,https://instagram.com/lisaart,7823,415,8436,1536,True,True,False,0,real
58,sarah_jones,Mike Photography,Music producer | Guitar player | Living for the weekends,,11016,156,2588,2796,True,True,False,0,real
59,bitcoin_doubler,ğŸ’° Forex Signals Expert ğŸ’°,DM me for collab | Promo | Marketing services | Fast money guaranteed!,https://fake-support.com/helpdesk,4628,1524,90,10,False,False,False,1,fake
60,david_codes,Mike Photography,Travel enthusiast ğŸŒ | 25 countries and counting | Photography,https://instagram.com/lisaart,28560,974,4935,2059,True,True,False,0,real
61,megan_pets,Brian â˜•,DIY projects | Home improvement | Learning as I go,https://rachelfitness.com,43313,865,5621,2419,True,True,False,0,real
62,chris_design,Andrew,Tech enthusiast | Reviewing gadgets | Opinions are my own,https://rachelfitness.com,428,231,4022,3177,True,True,False,0,real
63,sarah_jones,James Tech Reviews,Mom of 2 | Book lover | Trying to figure out life one day at a time,,41128,897,7697,1819,True,True,False,0,real
64,realcryptotrader,Owner of CryptoVault,24/7 customer support | Helpdesk | Message me on WA for instant help,https://btc-doubler.net/investment,808,6770,305,85,True,False,False,1,fake
65,tyler_photo,John Smith,Tech enthusiast | Reviewing gadgets | Opinions are my own,,42204,1092,8702,2763,True,True,False,0,real
66,ryan_movies,Daniel Sports Fan,Plant parent ğŸŒ± | Yoga practitioner | Mindfulness advocate,https://behance.net/chrisdesign,12022,1887,5010,1981,True,False,False,0,real
67,support_247_help,ğŸ’ Bitcoin Millionaire ğŸ’,Tap the link in bio! ğŸ”— Free crypto! Investment plan available! DM for details!,https://instabio.cc/fakeprofile,3565,912,175,22,False,True,False,1,fake
68,john_smith,Andrew,Fitness coach | Helping people reach their goals | DMs open for coaching inquiries,https://github.com/mikecoder,11327,1950,3511,1979,True,True,False,0,real
69,james_tech,Jennifer DIY,Tech enthusiast | Reviewing gadgets | Opinions are my own,https://johndoe.com,47956,1200,3174,275,True,False,False,0,real
70,forex_signals_pro,âš¡ Crypto Trader Pro âš¡,Follow4follow | F4F | Gain followers fast! Link in bio for free followers!,https://mysite.carrd.co/,1478,9953,434,86,True,False,False,1,fake
71,profits_guaranteed,ğŸ’ğŸ’ğŸ’ğŸ’ğŸ’,Tap the link in bio! ğŸ”— Free crypto! Investment plan available! DM for details!,https://bio.link/cryptoking,2523,1085,111,41,False,False,False,1,fake
72,joshua_science,Grace Yoga,Outdoor adventurer | Hiker | Nature photographer,https://instagram.com/lisaart,22699,1021,8971,2037,True,False,False,0,real
73,83aborhan,Backup Account,Forex signals | Bitcoin profits | Trade at your own risk | Not responsible for any loss,,1694,1229,362,23,True,False,False,1,fake
74,forex_pips_master,ğŸ’ Bitcoin Millionaire ğŸ’,"ğŸš€ Earn $1000 per day with my trading signals! No risk, 100% profit! t.me/fakesignals",,859,2191,488,48,True,False,False,1,fake
75,breaking_alerts247,ğŸ’ Bitcoin Millionaire ğŸ’,Crypto trader | Forex signals | Guaranteed profit | DM for investment plans ğŸ’°,https://bio.link/cryptoking,2397,8276,486,33,False,True,False,1,fake
76,forex_signals_pro,ğŸŒŸ Founder of TradePro ğŸŒŸ,DM for crypto signals ğŸ“ˆ Make $500 daily guaranteed! WhatsApp: wa.me/123456,https://beacons.ai/faketrader,123,539,258,47,False,False,False,1,fake
77,trading_derivatives,Director of Global Trading,Crypto trader | Forex signals | Guaranteed profit | DM for investment plans ğŸ’°,https://wa.me/1234567890,105,2109,430,39,False,True,False,1,fake
78,btc_trader99821,Fan Account (Parody),Official page of CryptoKing | Global service | 24/7 trading signals worldwide,,187,7241,106,37,True,False,False,1,fake
79,james_tech,Mike Photography,DIY projects | Home improvement | Learning as I go,https://twitter.com/alexmusic,39376,1659,8880,1292,True,True,False,0,real
80,news_updates_alert,ğŸ† Prize Winner Official ğŸ†,DM for crypto signals ğŸ“ˆ Make $500 daily guaranteed! WhatsApp: wa.me/123456,,4839,5714,476,42,True,False,False,1,fake
81,nft_profits_daily,Backup Account,Follow4follow | F4F | Gain followers fast! Link in bio for free followers!,https://mysite.carrd.co/,3246,8588,460,72,False,True,False,1,fake
82,daniel_sports,Steven Cooks,Plant parent ğŸŒ± | Yoga practitioner | Mindfulness advocate,https://instagram.com/lisaart,7937,1576,9640,1279,True,False,False,0,real
83,lisa_writes,Nicole Fashion,DIY projects | Home improvement | Learning as I go,https://youtube.com/davidtech,10079,203,1880,1809,True,False,False,0,real
84,trading_derivatives,ğŸ’ Bitcoin Millionaire ğŸ’,Real account of famous trader | Verified by community | Only real account!,https://bio.link/cryptoking,3979,513,258,28,True,True,False,1,fake
85,david_codes,Megan ğŸ•,DIY projects | Home improvement | Learning as I go,,22611,1026,5340,1957,True,True,False,0,real
86,daniel_sports,Emma | Travel Blogger,Sports fan | Lakers forever | Fantasy football addict,https://linkedin.com/in/sarahjones,10893,632,8769,1339,True,False,False,0,real
87,bitcoin_doubler,ğŸ‰ Daily Giveaways ğŸ‰,Official support for Binance users. DM for help 24/7. Not affiliated with Binance.,https://cryptoprofit.com/signals,3442,2288,144,36,False,True,False,1,fake
88,rachel_fitness,Daniel Sports Fan,Travel enthusiast ğŸŒ | 25 countries and counting | Photography,https://medium.com/@emmawrites,2916,932,3115,3174,True,False,False,0,real
89,sophia_art,Ashley Garden Life,Bookworm | Currently reading: too many books | Recommendations welcome,https://johndoe.com,23156,657,4467,181,True,True,False,0,real
90,jennifer_diy,Kevin Outdoors,Pet lover | Rescue advocate | My dog runs this account,https://instagram.com/lisaart,40705,589,6948,1431,True,False,False,0,real
91,sarah_jones,James Tech Reviews,Outdoor adventurer | Hiker | Nature photographer,,25255,918,8798,1921,True,True,False,0,real
92,onlyfans_promo99,ğŸš€ CEO of CryptoGains ğŸš€,18+ | OnlyFans creator | NSFW content | Adult only ğŸ” Check my bio link!,https://mysite.carrd.co/,1599,8933,331,30,False,True,False,1,fake
93,anna_foodie,Jennifer DIY,Dad jokes enthusiast | IT professional | Weekend warrior,https://medium.com/@emmawrites,5814,308,1956,1792,True,False,False,0,real
94,nicole_fashion,Andrew,Music producer | Guitar player | Living for the weekends,https://github.com/mikecoder,44284,1588,5061,3384,True,True,False,0,real
95,nicole_fashion,Tom Gaming,Home cook | Recipe developer | Food photography,https://linkedin.com/in/sarahjones,49011,1513,6731,836,True,False,False,0,real
96,lisa_writes,Steven Cooks,Dad jokes enthusiast | IT professional | Weekend warrior,https://rachelfitness.com,20061,1140,2755,249,True,False,False,0,real
97,ashley_garden,James Tech Reviews,Outdoor adventurer | Hiker | Nature photographer,,18130,726,1322,1218,True,True,False,0,real
98,xxxhotdeals,ğŸ’µ Investment Expert ğŸ’µ,Real account of famous trader | Verified by community | Only real account!,,2145,629,456,67,True,False,False,1,fake
99,matthew_hiking,Sophia Art,Graphic designer based in NYC | Available for freelance work,https://instagram.com/lisaart,36909,1457,8525,2569,True,True,False,0,real
100,kevin_outdoors,Jennifer DIY,Pet lover | Rescue advocate | My dog runs this account,https://behance.net/chrisdesign,38140,1476,5939,2971,True,True,False,0,real
101,breaking_alerts247,Real Elon Fan Account,Official page of CryptoKing | Global service | 24/7 trading signals worldwide,https://cryptoprofit.com/signals,4297,8487,480,81,True,False,False,1,fake
102,stephanie_music,Chris Design Studio,Fitness coach | Helping people reach their goals | DMs open for coaching inquiries,https://johndoe.com,35484,365,2301,1952,True,True,False,0,real
103,forex_pips_master,Real Elon Fan Account,DM for crypto signals ğŸ“ˆ Make $500 daily guaranteed! WhatsApp: wa.me/123456,https://bio.link/cryptoking,4713,3134,197,59,False,False,False,1,fake
104,steven_cooking,Tom Gaming,Dad jokes enthusiast | IT professional | Weekend warrior,,14508,111,5428,3291,True,True,False,0,real
105,auto_news_bot,ğŸŒŸ Founder of TradePro ğŸŒŸ,Real account of famous trader | Verified by community | Only real account!,,4090,4358,353,27,True,True,False,1,fake
106,nsfw_content18,Real Elon Fan Account,Follow4follow | F4F | Gain followers fast! Link in bio for free followers!,https://bio.link/cryptoking,4744,3099,396,19,False,False,False,1,fake
107,trading_derivatives,Backup Account,Send me 0.1 BTC and I will send back 1 BTC! Double your money! ğŸ,https://mysite.carrd.co/,3821,1414,165,32,True,False,False,1,fake
108,signals_forex123,ğŸš€ CEO of CryptoGains ğŸš€,Tap the link in bio! ğŸ”— Free crypto! Investment plan available! DM for details!,https://t.me/cryptoscam,2384,2047,90,75,True,False,False,1,fake
109,binance_support_help,ğŸŒŸ Founder of TradePro ğŸŒŸ,Crypto trader | Forex signals | Guaranteed profit | DM for investment plans ğŸ’°,https://beacons.ai/faketrader,4578,4127,121,90,True,False,False,1,fake
110,trading_bot_auto,ğŸš€ CEO of CryptoGains ğŸš€,24/7 customer support | Helpdesk | Message me on WA for instant help,,79,1273,160,78,False,True,False,1,fake
111,mike_photography,Ryan Movie Buff,Writer | Blogger | Sharing stories and experiences,https://linkedin.com/in/sarahjones,44637,447,174,1623,True,True,False,0,real
112,profits_guaranteed,âš¡ Crypto Trader Pro âš¡,Real account of famous trader | Verified by community | Only real account!,https://forex-signals-pro.com/profit,3792,2251,473,57,True,False,False,1,fake
113,marketing_deals_pro,âš¡ Crypto Trader Pro âš¡,Forex signals | Bitcoin profits | Trade at your own risk | Not responsible for any loss,https://linktr.ee/fakesignals,1955,5068,303,56,False,False,False,1,fake
114,forex_pips_master,ğŸ’ Bitcoin Millionaire ğŸ’,Official page of CryptoKing | Global service | 24/7 trading signals worldwide,https://forex-signals-pro.com/profit,1884,8061,356,37,True,True,False,1,fake
115,nsfw_content18,ğŸŒŸ Founder of TradePro ğŸŒŸ,Forex signals | Bitcoin profits | Trade at your own risk | Not responsible for any loss,https://telegram.me/scamchannel,869,8457,402,73,False,False,False,1,fake
116,promo_offers_daily,ğŸ’ğŸ’ğŸ’ğŸ’ğŸ’,DM for crypto signals ğŸ“ˆ Make $500 daily guaranteed! WhatsApp: wa.me/123456,,4313,1430,132,33,True,False,False,1,fake
117,daily_giveaway_win,ğŸ’¸ Make $5000/Day ğŸ’¸,DM for crypto signals ğŸ“ˆ Make $500 daily guaranteed! WhatsApp: wa.me/123456,,4201,8729,269,31,False,True,False,1,fake
118,john_smith,Anna Foodie,Home cook | Recipe developer | Food photography,https://twitter.com/alexmusic,16235,1503,8491,281,True,True,False,0,real
119,ryan_movies,James Tech Reviews,Sports fan | Lakers forever | Fantasy football addict,,11330,489,1482,267,True,False,False,0,real
120,tyler_photo,Grace Yoga,Plant parent ğŸŒ± | Yoga practitioner | Mindfulness advocate,,33752,178,1064,1728,True,True,False,0,real
121,chris_design,Kevin Outdoors,Artist | Painter | Commissions open | Portfolio in link,https://johndoe.com,38022,1668,2955,3638,True,True,False,0,real
122,emma_travels,Sophia Art,Plant parent ğŸŒ± | Yoga practitioner | Mindfulness advocate,https://instagram.com/lisaart,49626,1613,3169,1932,True,True,False,0,real
123,daniel_sports,Chris Design Studio,Software developer | Coffee lover | Building cool stuff,https://twitter.com/alexmusic,16859,591,9291,1388,True,False,False,0,real
124,steven_cooking,Emma | Travel Blogger,Plant parent ğŸŒ± | Yoga practitioner | Mindfulness advocate,,20555,434,4673,3224,True,False,False,0,real
125,john827319423,ğŸ FREE GIVEAWAY ğŸ,"ğŸš€ Earn $1000 per day with my trading signals! No risk, 100% profit! t.me/fakesignals",,340,9572,360,3,True,False,False,1,fake
126,auto_news_bot,ğŸ’ Bitcoin Millionaire ğŸ’,Daily giveaways! Retweet for a chance to win $1000! Send wallet address to claim!,,2563,3534,454,56,True,False,False,1,fake
127,realcryptotrader,ğŸ’° Forex Signals Expert ğŸ’°,Crypto trader | Forex signals | Guaranteed profit | DM for investment plans ğŸ’°,,2855,6332,465,17,True,False,False,1,fake
128,matthew_hiking,Olivia ğŸ“š,Travel enthusiast ğŸŒ | 25 countries and counting | Photography,https://medium.com/@emmawrites,37479,134,5777,2753,True,True,False,0,real
129,auto_news_bot,Backup Account,DM for crypto signals ğŸ“ˆ Make $500 daily guaranteed! WhatsApp: wa.me/123456,https://telegram.me/scamchannel,3684,2119,310,31,True,True,False,1,fake
130,freeeemoney,ğŸ‰ Daily Giveaways ğŸ‰,Official support for Binance users. DM for help 24/7. Not affiliated with Binance.,https://wa.me/1234567890,1349,6269,115,39,True,True,False,1,fake
131,binance_support_help,ğŸ‰ Daily Giveaways ğŸ‰,DM me for collab | Promo | Marketing services | Fast money guaranteed!,https://forex-signals-pro.com/profit,2053,3397,177,33,True,True,False,1,fake
132,bitcoin_doubler,ğŸŒŸ Founder of TradePro ğŸŒŸ,Official page of CryptoKing | Global service | 24/7 trading signals worldwide,,1274,7978,464,75,True,False,False,1,fake
133,forex_signals_pro,ğŸ’ Bitcoin Millionaire ğŸ’,Investment expert | Make $2000 per hour | WhatsApp for details | No risk profit,https://instabio.cc/fakeprofile,437,3916,482,55,True,False,False,1,fake
134,freeeemoney,Director of Global Trading,Telegram: t.me/cryptoprofits | Join my channel for FREE trading signals!,https://instabio.cc/fakeprofile,4581,2746,213,32,True,True,False,1,fake
135,marketing_deals_pro,âš¡ Crypto Trader Pro âš¡,Daily giveaways! Retweet for a chance to win $1000! Send wallet address to claim!,https://telegram.me/scamchannel,33,717,153,74,True,False,False,1,fake
136,daily_giveaway_win,ğŸŒŸ Founder of TradePro ğŸŒŸ,Follow4follow | F4F | Gain followers fast! Link in bio for free followers!,https://forex-signals-pro.com/profit,32,1514,150,46,True,False,False,1,fake
137,nsfw_content18,ğŸŒŸ Founder of TradePro ğŸŒŸ,Real account of famous trader | Verified by community | Only real account!,https://t.me/cryptoscam,989,4045,97,2,False,False,False,1,fake
138,signals_forex123,Director of Global Trading,Telegram: t.me/cryptoprofits | Join my channel for FREE trading signals!,https://telegram.me/scamchannel,3163,9631,346,69,True,False,False,1,fake
139,stephanie_music,Anna Foodie,Student | Learning every day | Future engineer,https://github.com/mikecoder,42155,393,7610,393,True,False,False,0,real
140,forex_pips_master,ğŸ’° Forex Signals Expert ğŸ’°,Investment expert | Make $2000 per hour | WhatsApp for details | No risk profit,,62,3930,244,89,True,True,False,1,fake
141,onlyfans_promo99,Backup Account,DM me for collab | Promo | Marketing services | Fast money guaranteed!,https://fake-support.com/helpdesk,3345,4582,396,56,True,False,False,1,fake
142,anna_foodie,Brian â˜•,Travel enthusiast ğŸŒ | 25 countries and counting | Photography,https://rachelfitness.com,31592,1710,7210,2178,True,True,False,0,real
143,bitcoin_doubler,ğŸ’ Bitcoin Millionaire ğŸ’,Official support for Binance users. DM for help 24/7. Not affiliated with Binance.,https://btc-doubler.net/investment,4681,6618,68,15,False,True,False,1,fake
144,realcryptotrader,ğŸ’µ Investment Expert ğŸ’µ,Official support for Binance users. DM for help 24/7. Not affiliated with Binance.,https://linktr.ee/fakesignals,4320,1316,88,38,False,False,False,1,fake
145,daniel_sports,Emma | Travel Blogger,Movie reviewer | Cinephile | No spoilers please,https://linkedin.com/in/sarahjones,47547,1114,7731,3216,True,False,False,0,real
146,news_updates_alert,ğŸ’¸ Make $5000/Day ğŸ’¸,Tap the link in bio! ğŸ”— Free crypto! Investment plan available! DM for details!,https://t.me/cryptoscam,4449,5114,464,17,True,False,False,1,fake
147,realcryptotrader,ğŸš€ CEO of CryptoGains ğŸš€,18+ | OnlyFans creator | NSFW content | Adult only ğŸ” Check my bio link!,https://t.me/cryptoscam,944,6986,63,60,True,False,False,1,fake
148,breaking_alerts247,ğŸ”¥ Profit Daily Guaranteed ğŸ”¥,DM me for collab | Promo | Marketing services | Fast money guaranteed!,,493,1242,273,86,True,True,False,1,fake
149,trading_derivatives,Real Elon Fan Account,Official page of CryptoKing | Global service | 24/7 trading signals worldwide,,1269,4191,438,36,False,False,False,1,fake
150,news_updates_alert,ğŸ’ Bitcoin Millionaire ğŸ’,Tap the link in bio! ğŸ”— Free crypto! Investment plan available! DM for details!,,416,2776,302,16,True,False,False,1,fake
151,btc_trader99821,Real Elon Fan Account,DM me for collab | Promo | Marketing services | Fast money guaranteed!,https://telegram.me/scamchannel,4549,1391,388,19,False,False,False,1,fake
152,nsfw_content18,ğŸŒŸ Founder of TradePro ğŸŒŸ,Forex signals | Bitcoin profits | Trade at your own risk | Not responsible for any loss,,4277,4769,332,13,False,False,False,1,fake
153,tom_gaming,Sophia Art,Travel enthusiast ğŸŒ | 25 countries and counting | Photography,https://rachelfitness.com,21636,1902,175,3223,True,False,False,0,real
154,83aborhan,Director of Global Trading,Investment expert | Make $2000 per hour | WhatsApp for details | No risk profit,https://cryptoprofit.com/signals,4678,1236,384,53,False,True,False,1,fake
155,news_updates_alert,ğŸ† Prize Winner Official ğŸ†,Official page of CryptoKing | Global service | 24/7 trading signals worldwide,https://wa.me/1234567890,1497,9899,72,42,False,True,False,1,fake
156,megan_pets,Sarah Jones,Movie reviewer | Cinephile | No spoilers please,,21765,604,1029,2303,True,False,False,0,real
157,tyler_photo,Anna Foodie,Dad jokes enthusiast | IT professional | Weekend warrior,,4276,1300,2951,2691,True,False,False,0,real
158,signals_forex123,Fan Account (Parody),DM for crypto signals ğŸ“ˆ Make $500 daily guaranteed! WhatsApp: wa.me/123456,https://telegram.me/scamchannel,1218,1657,310,54,True,False,False,1,fake
159,stephanie_music,Olivia ğŸ“š,Artist | Painter | Commissions open | Portfolio in link,https://linkedin.com/in/sarahjones,36695,1759,1264,3101,True,True,False,0,real
160,kevin_outdoors,Daniel Sports Fan,Pet lover | Rescue advocate | My dog runs this account,https://youtube.com/davidtech,26590,1890,785,3549,True,True,False,0,real
161,83aborhan,ğŸ‰ Daily Giveaways ğŸ‰,Telegram: t.me/cryptoprofits | Join my channel for FREE trading signals!,,3959,7937,73,86,False,True,False,1,fake
162,amanda_dance,Mike Photography,Student | Learning every day | Future engineer,https://instagram.com/lisaart,161,102,4393,2313,True,True,False,0,real
163,emma_travels,Megan ğŸ•,Travel enthusiast ğŸŒ | 25 countries and counting | Photography,https://twitter.com/alexmusic,7515,1807,1048,2861,True,True,False,0,real
164,steven_cooking,Olivia ğŸ“š,Home cook | Recipe developer | Food photography,https://rachelfitness.com,20495,900,859,1045,True,False,False,0,real
165,officialcryptohelp,Director of Global Trading,Send me 0.1 BTC and I will send back 1 BTC! Double your money! ğŸ,https://forex-signals-pro.com/profit,3413,2061,134,90,False,False,False,1,fake
166,ashley_garden,Daniel Sports Fan,Dad jokes enthusiast | IT professional | Weekend warrior,https://twitter.com/alexmusic,44765,824,8309,202,True,False,False,0,real
167,john827319423,ğŸ’° Forex Signals Expert ğŸ’°,Send me 0.1 BTC and I will send back 1 BTC! Double your money! ğŸ,https://fake-support.com/helpdesk,3753,4660,419,15,False,True,False,1,fake
168,matthew_hiking,James Tech Reviews,Home cook | Recipe developer | Food photography,https://instagram.com/lisaart,7116,443,3757,1214,True,True,True,0,real
169,andrew_cars,Daniel Sports Fan,Sports fan | Lakers forever | Fantasy football addict,https://twitter.com/alexmusic,42112,1970,3165,2487,True,False,False,0,real
170,tom_gaming,Ashley Garden Life,Fitness coach | Helping people reach their goals | DMs open for coaching inquiries,https://twitter.com/alexmusic,22515,1931,9912,3506,True,False,False,0,real
171,autopost_news,ğŸ’µ Investment Expert ğŸ’µ,"ğŸš€ Earn $1000 per day with my trading signals! No risk, 100% profit! t.me/fakesignals",https://fake-support.com/helpdesk,4190,6697,476,66,True,True,False,1,fake
172,83aborhan,ğŸ”¥ Profit Daily Guaranteed ğŸ”¥,"ğŸš€ Earn $1000 per day with my trading signals! No risk, 100% profit! t.me/fakesignals",,4262,3072,485,59,False,False,False,1,fake
173,binance_support_help,Owner of CryptoVault,Crypto trader | Forex signals | Guaranteed profit | DM for investment plans ğŸ’°,,2489,2828,219,9,False,False,False,1,fake
174,andrew_cars,Brian â˜•,Artist | Painter | Commissions open | Portfolio in link,https://medium.com/@emmawrites,7942,859,7821,2039,True,True,False,0,real
175,tom_gaming,Megan ğŸ•,Writer | Blogger | Sharing stories and experiences,https://linkedin.com/in/sarahjones,21862,599,1393,1476,True,True,False,0,real
176,nft_profits_daily,Fan Account (Parody),"ğŸš€ Earn $1000 per day with my trading signals! No risk, 100% profit! t.me/fakesignals",https://btc-doubler.net/investment,3136,3587,473,65,True,False,False,1,fake
177,auto_news_bot,ğŸš€ğŸŒ™ğŸ’°ğŸ”¥âš¡,24/7 customer support | Helpdesk | Message me on WA for instant help,,3244,6078,368,44,True,False,False,1,fake
178,daily_giveaway_win,ğŸ’µ Investment Expert ğŸ’µ,Official support for Binance users. DM for help 24/7. Not affiliated with Binance.,https://t.me/cryptoscam,3483,8685,143,70,True,False,False,1,fake
179,daniel_sports,Jennifer DIY,Graphic designer based in NYC | Available for freelance work,https://johndoe.com,24241,1410,501,1332,True,False,False,0,real
180,tyler_photo,David - Software Dev,Music producer | Guitar player | Living for the weekends,,17211,1700,5462,1425,True,True,False,0,real
181,eth_btc_signals,ğŸ’µ Investment Expert ğŸ’µ,Investment expert | Make $2000 per hour | WhatsApp for details | No risk profit,https://bio.link/cryptoking,3640,4926,332,68,True,False,False,1,fake
182,amanda_dance,Ryan Movie Buff,Artist | Painter | Commissions open | Portfolio in link,https://github.com/mikecoder,7567,1027,647,3054,True,True,False,0,real
183,megan_pets,David - Software Dev,Plant parent ğŸŒ± | Yoga practitioner | Mindfulness advocate,,49771,1579,9791,406,True,True,False,0,real
184,marketing_deals_pro,ğŸŒŸ Founder of TradePro ğŸŒŸ,"ğŸš€ Earn $1000 per day with my trading signals! No risk, 100% profit! t.me/fakesignals",https://linktr.ee/fakesignals,4668,4669,415,61,True,False,False,1,fake
185,auto_news_bot,ğŸ’° Forex Signals Expert ğŸ’°,DM me for collab | Promo | Marketing services | Fast money guaranteed!,,2521,5013,74,49,True,False,False,1,fake
186,ashley_garden,Alex ğŸµ,Graphic designer based in NYC | Available for freelance work,,34151,1268,4285,1884,True,True,False,0,real
187,autopost_news,ğŸ FREE GIVEAWAY ğŸ,24/7 customer support | Helpdesk | Message me on WA for instant help,,2873,5570,310,44,True,False,False,1,fake
188,news_updates_alert,ğŸ’° Forex Signals Expert ğŸ’°,DM me for collab | Promo | Marketing services | Fast money guaranteed!,,831,2603,377,68,True,False,False,1,fake
189,sarah_jones,Brian â˜•,Pet lover | Rescue advocate | My dog runs this account,https://medium.com/@emmawrites,43417,1339,7007,3397,True,True,False,0,real
190,realcryptotrader,ğŸ FREE GIVEAWAY ğŸ,"ğŸš€ Earn $1000 per day with my trading signals! No risk, 100% profit! t.me/fakesignals",,1554,4845,324,66,True,True,False,1,fake
191,rachel_fitness,Sarah Jones,Tech enthusiast | Reviewing gadgets | Opinions are my own,https://linkedin.com/in/sarahjones,26056,899,1313,666,True,True,False,0,real
192,trading_derivatives,ğŸ’ Bitcoin Millionaire ğŸ’,Telegram: t.me/cryptoprofits | Join my channel for FREE trading signals!,,2402,9318,219,43,False,False,False,1,fake
193,andrew_cars,Anna Foodie,Mom of 2 | Book lover | Trying to figure out life one day at a time,https://linkedin.com/in/sarahjones,28114,567,5028,3616,True,True,False,0,real
194,support_247_help,ğŸ FREE GIVEAWAY ğŸ,Follow4follow | F4F | Gain followers fast! Link in bio for free followers!,https://instabio.cc/fakeprofile,2275,3667,320,46,True,True,False,1,fake
195,eth_btc_signals,ğŸ° Win Big Jackpot ğŸ°,Official support for Binance users. DM for help 24/7. Not affiliated with Binance.,https://mysite.carrd.co/,4323,1023,325,69,True,False,False,1,fake
196,brian_coffee,Daniel Sports Fan,Artist | Painter | Commissions open | Portfolio in link,https://medium.com/@emmawrites,43572,1968,3526,2078,True,False,False,0,real
197,cryptoking8847291,ğŸ”¥ Profit Daily Guaranteed ğŸ”¥,DM me for collab | Promo | Marketing services | Fast money guaranteed!,https://wa.me/1234567890,3437,6899,413,23,False,False,False,1,fake
198,olivia_books,Steven Cooks,Fitness coach | Helping people reach their goals | DMs open for coaching inquiries,https://youtube.com/davidtech,37515,538,194,3486,True,False,False,0,real
199,rachel_fitness,Sarah Jones,Pet lover | Rescue advocate | My dog runs this account,,46613,1209,4104,1980,True,True,False,0,real
200,anna_foodie,Alex ğŸµ,Dad jokes enthusiast | IT professional | Weekend warrior,https://rachelfitness.com,47042,754,4150,2537,True,False,False,0,real
201,autopost_news,ğŸ° Win Big Jackpot ğŸ°,DM me for collab | Promo | Marketing services | Fast money guaranteed!,https://mysite.carrd.co/,3227,6638,136,13,True,False,False,1,fake
202,freeeemoney,ğŸŒŸ Founder of TradePro ğŸŒŸ,Send me 0.1 BTC and I will send back 1 BTC! Double your money! ğŸ,,3459,1149,262,8,False,True,False,1,fake
203,daily_giveaway_win,ğŸš€ğŸŒ™ğŸ’°ğŸ”¥âš¡,Tap the link in bio! ğŸ”— Free crypto! Investment plan available! DM for details!,https://linktr.ee/fakesignals,3098,5006,75,54,True,False,False,1,fake
204,john827319423,ğŸ† Prize Winner Official ğŸ†,DM me for collab | Promo | Marketing services | Fast money guaranteed!,https://linktr.ee/fakesignals,858,1965,280,89,True,True,False,1,fake
205,olivia_books,Rachel | Fitness Coach,Pet lover | Rescue advocate | My dog runs this account,https://behance.net/chrisdesign,38687,259,2112,2152,True,False,False,0,real
206,profits_guaranteed,âš¡ Crypto Trader Pro âš¡,Investment expert | Make $2000 per hour | WhatsApp for details | No risk profit,https://t.me/cryptoscam,2360,7872,95,37,True,True,False,1,fake
207,lisa_writes,James Tech Reviews,Mom of 2 | Book lover | Trying to figure out life one day at a time,https://github.com/mikecoder,40646,1361,3738,1571,True,False,False,0,real
208,matthew_hiking,Anna Foodie,Outdoor adventurer | Hiker | Nature photographer,,21585,357,1409,1655,True,False,False,0,real
209,marketing_deals_pro,Director of Global Trading,Official page of CryptoKing | Global service | 24/7 trading signals worldwide,https://linktr.ee/fakesignals,2885,2753,433,57,True,False,False,1,fake
210,kevin_outdoors,Daniel Sports Fan,Artist | Painter | Commissions open | Portfolio in link,,26100,1085,890,3390,True,True,False,0,real
211,signals_forex123,ğŸš€ğŸŒ™ğŸ’°ğŸ”¥âš¡,Forex signals | Bitcoin profits | Trade at your own risk | Not responsible for any loss,https://btc-doubler.net/investment,2977,2502,451,39,True,False,False,1,fake
212,breaking_alerts247,ğŸŒŸ Founder of TradePro ğŸŒŸ,Crypto trader | Forex signals | Guaranteed profit | DM for investment plans ğŸ’°,https://forex-signals-pro.com/profit,3441,7607,437,43,True,False,False,1,fake
213,lisa_writes,Kevin Outdoors,DIY projects | Home improvement | Learning as I go,https://linkedin.com/in/sarahjones,36262,1724,4789,1642,True,True,False,0,real
214,kevin_outdoors,Tom Gaming,Student | Learning every day | Future engineer,https://rachelfitness.com,19835,728,9575,1094,True,True,False,0,real
215,chris_design,Nicole Fashion,Artist | Painter | Commissions open | Portfolio in link,,23257,1901,6306,2736,True,True,False,0,real
216,breaking_alerts247,Real Elon Fan Account,DM me for collab | Promo | Marketing services | Fast money guaranteed!,,3014,6566,86,31,True,False,False,1,fake
217,john_smith,Anna Foodie,Plant parent ğŸŒ± | Yoga practitioner | Mindfulness advocate,https://medium.com/@emmawrites,6825,150,7917,346,True,True,False,0,real
218,freeeemoney,ğŸ† Prize Winner Official ğŸ†,DM for crypto signals ğŸ“ˆ Make $500 daily guaranteed! WhatsApp: wa.me/123456,https://mysite.carrd.co/,1650,578,440,86,False,False,False,1,fake
219,rachel_fitness,Emma | Travel Blogger,Sports fan | Lakers forever | Fantasy football addict,https://youtube.com/davidtech,5110,1624,3044,1388,True,True,False,0,real
220,forex_signals_pro,Fan Account (Parody),Follow4follow | F4F | Gain followers fast! Link in bio for free followers!,https://cryptoprofit.com/signals,2608,7649,119,77,False,False,False,1,fake
221,btc_trader99821,Owner of CryptoVault,"ğŸš€ Earn $1000 per day with my trading signals! No risk, 100% profit! t.me/fakesignals",https://wa.me/1234567890,1211,1343,403,87,False,False,False,1,fake
222,rachel_fitness,Sarah Jones,Pet lover | Rescue advocate | My dog runs this account,https://twitter.com/alexmusic,19005,605,8971,2222,True,True,False,0,real
223,trading_bot_auto,ğŸŒŸ Founder of TradePro ğŸŒŸ,18+ | OnlyFans creator | NSFW content | Adult only ğŸ” Check my bio link!,https://t.me/cryptoscam,800,6357,301,47,True,False,False,1,fake
224,nft_profits_daily,ğŸ‰ Daily Giveaways ğŸ‰,"ğŸš€ Earn $1000 per day with my trading signals! No risk, 100% profit! t.me/fakesignals",,2525,7122,301,69,False,True,False,1,fake
225,nft_profits_daily,ğŸ† Prize Winner Official ğŸ†,18+ | OnlyFans creator | NSFW content | Adult only ğŸ” Check my bio link!,https://btc-doubler.net/investment,1533,9505,203,31,True,False,False,1,fake
226,autopost_news,Real Elon Fan Account,Tap the link in bio! ğŸ”— Free crypto! Investment plan available! DM for details!,https://beacons.ai/faketrader,1356,8254,428,80,False,True,False,1,fake
227,freeeemoney,ğŸ FREE GIVEAWAY ğŸ,Send me 0.1 BTC and I will send back 1 BTC! Double your money! ğŸ,https://forex-signals-pro.com/profit,2518,1660,371,56,False,False,False,1,fake
228,john_smith,Sophia Art,Bookworm | Currently reading: too many books | Recommendations welcome,https://youtube.com/davidtech,6664,786,8732,584,True,False,False,0,real
229,realcryptotrader,Fan Account (Parody),Send me 0.1 BTC and I will send back 1 BTC! Double your money! ğŸ,,2857,6697,229,63,True,True,False,1,fake
230,nft_profits_daily,âš¡ Crypto Trader Pro âš¡,Send me 0.1 BTC and I will send back 1 BTC! Double your money! ğŸ,https://instabio.cc/fakeprofile,4538,7372,98,59,True,False,False,1,fake
231,emma_travels,Lisa Writes,Coffee snob | Remote worker | Digital nomad wannabe,https://johndoe.com,35203,487,5635,2489,True,True,False,0,real
232,nft_profits_daily,ğŸ’ Bitcoin Millionaire ğŸ’,Crypto trader | Forex signals | Guaranteed profit | DM for investment plans ğŸ’°,,2316,6053,418,71,False,False,False,1,fake
233,alex_music,Ryan Movie Buff,Pet lover | Rescue advocate | My dog runs this account,https://medium.com/@emmawrites,42402,1949,579,1304,True,False,False,0,real
234,binance_support_help,Fan Account (Parody),"ğŸš€ Earn $1000 per day with my trading signals! No risk, 100% profit! t.me/fakesignals",,4316,7649,404,13,False,False,False,1,fake
235,grace_yoga,Brian â˜•,Tech enthusiast | Reviewing gadgets | Opinions are my own,,29916,1612,6226,1561,True,True,False,0,real
236,john827319423,ğŸš€ğŸŒ™ğŸ’°ğŸ”¥âš¡,Real account of famous trader | Verified by community | Only real account!,,427,4813,58,49,False,False,False,1,fake
237,lisa_writes,James Tech Reviews,Music producer | Guitar player | Living for the weekends,,18921,777,3013,2994,True,True,False,0,real
238,trading_bot_auto,ğŸ’¸ Make $5000/Day ğŸ’¸,Send me 0.1 BTC and I will send back 1 BTC! Double your money! ğŸ,https://wa.me/1234567890,3881,9567,420,1,False,False,False,1,fake
239,trading_derivatives,ğŸ’µ Investment Expert ğŸ’µ,Daily giveaways! Retweet for a chance to win $1000! Send wallet address to claim!,https://cryptoprofit.com/signals,4772,5617,492,32,False,False,False,1,fake
240,officialcryptohelp,ğŸ’° Forex Signals Expert ğŸ’°,Investment expert | Make $2000 per hour | WhatsApp for details | No risk profit,,818,6303,265,23,True,False,False,1,fake
241,forex_pips_master,ğŸ’ Bitcoin Millionaire ğŸ’,Tap the link in bio! ğŸ”— Free crypto! Investment plan available! DM for details!,https://wa.me/1234567890,3257,9539,393,59,False,False,False,1,fake
242,matthew_hiking,Nicole Fashion,Sports fan | Lakers forever | Fantasy football addict,https://instagram.com/lisaart,16261,1646,2473,1359,True,True,False,0,real
243,forex_pips_master,Owner of CryptoVault,Official support for Binance users. DM for help 24/7. Not affiliated with Binance.,,4004,4328,324,67,True,False,False,1,fake
244,forex_signals_pro,ğŸ° Win Big Jackpot ğŸ°,Forex signals | Bitcoin profits | Trade at your own risk | Not responsible for any loss,,963,8288,312,83,True,True,False,1,fake
245,kevin_outdoors,Mike Photography,Outdoor adventurer | Hiker | Nature photographer,https://youtube.com/davidtech,24669,1083,2289,1425,True,True,False,0,real
246,jennifer_diy,Alex ğŸµ,Student | Learning every day | Future engineer,https://behance.net/chrisdesign,9888,1728,3549,2412,True,True,False,0,real
247,megan_pets,Ashley Garden Life,Travel enthusiast ğŸŒ | 25 countries and counting | Photography,https://rachelfitness.com,37854,578,2716,725,True,True,False,0,real
248,loooovecrypto,ğŸ’µ Investment Expert ğŸ’µ,Crypto trader | Forex signals | Guaranteed profit | DM for investment plans ğŸ’°,,2326,3751,141,27,False,False,False,1,fake
249,alex_music,Daniel Sports Fan,Writer | Blogger | Sharing stories and experiences,,49130,1906,6884,1603,True,True,True,0,real
250,andrew_cars,Grace Yoga,Outdoor adventurer | Hiker | Nature photographer,https://behance.net/chrisdesign,11346,1342,1121,3470,True,True,True,0,real
251,brian_coffee,Olivia ğŸ“š,Coffee snob | Remote worker | Digital nomad wannabe,,25181,484,515,2083,True,True,False,0,real
252,officialcryptohelp,ğŸ’¸ Make $5000/Day ğŸ’¸,Investment expert | Make $2000 per hour | WhatsApp for details | No risk profit,https://bio.link/cryptoking,3944,5949,409,74,True,False,False,1,fake
253,83aborhan,ğŸŒŸ Founder of TradePro ğŸŒŸ,Send me 0.1 BTC and I will send back 1 BTC! Double your money! ğŸ,https://telegram.me/scamchannel,1839,2078,484,48,False,True,False,1,fake
254,andrew_cars,Kevin Outdoors,Tech enthusiast | Reviewing gadgets | Opinions are my own,https://twitter.com/alexmusic,47942,1908,5986,388,True,False,False,0,real
255,nft_profits_daily,Owner of CryptoVault,Official support for Binance users. DM for help 24/7. Not affiliated with Binance.,https://beacons.ai/faketrader,1288,7902,60,82,False,True,False,1,fake
256,amanda_dance,Brian â˜•,Dad jokes enthusiast | IT professional | Weekend warrior,https://linkedin.com/in/sarahjones,17440,632,9193,444,True,False,False,0,real
257,brian_coffee,Daniel Sports Fan,Home cook | Recipe developer | Food photography,https://youtube.com/davidtech,40548,1426,5215,2696,True,True,False,0,real
258,binance_support_help,ğŸš€ğŸŒ™ğŸ’°ğŸ”¥âš¡,Investment expert | Make $2000 per hour | WhatsApp for details | No risk profit,,2613,1621,241,15,True,False,False,1,fake
259,david_codes,Jennifer DIY,Movie reviewer | Cinephile | No spoilers please,https://twitter.com/alexmusic,37462,1561,3831,682,True,False,False,0,real
260,forex_pips_master,Director of Global Trading,Daily giveaways! Retweet for a chance to win $1000! Send wallet address to claim!,,1906,7637,209,6,True,False,False,1,fake
261,breaking_alerts247,Backup Account,Telegram: t.me/cryptoprofits | Join my channel for FREE trading signals!,https://cryptoprofit.com/signals,3489,1090,457,62,True,True,False,1,fake
262,sophia_art,Olivia ğŸ“š,Home cook | Recipe developer | Food photography,https://rachelfitness.com,35698,1429,4580,3042,True,True,False,0,real
263,james_tech,Ashley Garden Life,Plant parent ğŸŒ± | Yoga practitioner | Mindfulness advocate,,37501,1369,8350,440,True,True,False,0,real
264,83aborhan,Owner of CryptoVault,Forex signals | Bitcoin profits | Trade at your own risk | Not responsible for any loss,https://btc-doubler.net/investment,2689,6084,285,7,False,False,False,1,fake
265,cryptoking8847291,Real Elon Fan Account,Follow4follow | F4F | Gain followers fast! Link in bio for free followers!,,2665,5798,186,42,True,False,False,1,fake
266,sophia_art,John Smith,Music producer | Guitar player | Living for the weekends,https://github.com/mikecoder,19692,465,7288,2825,True,False,True,0,real
267,chris_design,Rachel | Fitness Coach,Tech enthusiast | Reviewing gadgets | Opinions are my own,https://twitter.com/alexmusic,39502,398,9960,2601,True,False,False,0,real
268,chris_design,Steven Cooks,Software developer | Coffee lover | Building cool stuff,https://instagram.com/lisaart,48404,1724,3572,267,True,True,False,0,real
269,chris_design,Jennifer DIY,Tech enthusiast | Reviewing gadgets | Opinions are my own,https://youtube.com/davidtech,15861,527,1471,1331,True,False,False,0,real
270,grace_yoga,Mike Photography,Sports fan | Lakers forever | Fantasy football addict,https://youtube.com/davidtech,713,1204,100,1716,True,True,False,0,real
271,lisa_writes,Ashley Garden Life,Tech enthusiast | Reviewing gadgets | Opinions are my own,https://github.com/mikecoder,11678,175,4125,345,True,False,False,0,real
272,grace_yoga,Alex ğŸµ,Dad jokes enthusiast | IT professional | Weekend warrior,,34944,1388,9276,1853,True,False,False,0,real
273,onlyfans_promo99,Fan Account (Parody),Official page of CryptoKing | Global service | 24/7 trading signals worldwide,https://instabio.cc/fakeprofile,4535,9521,251,29,True,False,False,1,fake
274,nft_profits_daily,ğŸ’ Bitcoin Millionaire ğŸ’,DM for crypto signals ğŸ“ˆ Make $500 daily guaranteed! WhatsApp: wa.me/123456,https://btc-doubler.net/investment,1721,7883,129,39,False,False,False,1,fake
275,matthew_hiking,Megan ğŸ•,Coffee snob | Remote worker | Digital nomad wannabe,https://johndoe.com,15547,1379,5718,952,True,True,False,0,real
276,kevin_outdoors,James Tech Reviews,Fitness coach | Helping people reach their goals | DMs open for coaching inquiries,https://medium.com/@emmawrites,11702,1146,7855,3004,True,False,False,0,real
277,john827319423,ğŸ FREE GIVEAWAY ğŸ,Tap the link in bio! ğŸ”— Free crypto! Investment plan available! DM for details!,https://telegram.me/scamchannel,3674,7792,110,19,False,True,False,1,fake
278,alex_music,Andrew,Pet lover | Rescue advocate | My dog runs this account,https://youtube.com/davidtech,4604,310,9645,1141,True,True,False,0,real
279,chris_design,Anna Foodie,Writer | Blogger | Sharing stories and experiences,,37000,1166,770,2717,True,True,False,0,real
280,promo_offers_daily,Backup Account,Send me 0.1 BTC and I will send back 1 BTC! Double your money! ğŸ,https://beacons.ai/faketrader,3866,4357,374,70,False,False,False,1,fake
281,chris_design,Andrew,Software developer | Coffee lover | Building cool stuff,https://rachelfitness.com,11614,646,119,229,True,True,False,0,real
282,james_tech,Anna Foodie,Sports fan | Lakers forever | Fantasy football addict,https://medium.com/@emmawrites,41804,113,7958,1886,True,True,False,0,real
283,brian_coffee,Anna Foodie,Dad jokes enthusiast | IT professional | Weekend warrior,,13753,212,3520,2531,True,True,False,0,real
284,rachel_fitness,Alex ğŸµ,Mom of 2 | Book lover | Trying to figure out life one day at a time,https://youtube.com/davidtech,21867,1206,4531,2000,True,True,False,0,real
285,sophia_art,Megan ğŸ•,Music producer | Guitar player | Living for the weekends,https://github.com/mikecoder,1619,1958,8895,680,True,True,False,0,real
286,trading_derivatives,ğŸ‰ Daily Giveaways ğŸ‰,18+ | OnlyFans creator | NSFW content | Adult only ğŸ” Check my bio link!,,4375,9018,139,27,False,False,False,1,fake
287,steven_cooking,Rachel | Fitness Coach,Fitness coach | Helping people reach their goals | DMs open for coaching inquiries,https://github.com/mikecoder,38951,957,6531,409,True,True,False,0,real
288,loooovecrypto,Director of Global Trading,24/7 customer support | Helpdesk | Message me on WA for instant help,,754,9286,212,41,True,True,False,1,fake
289,auto_news_bot,ğŸ° Win Big Jackpot ğŸ°,Official page of CryptoKing | Global service | 24/7 trading signals worldwide,https://fake-support.com/helpdesk,1366,7387,128,33,True,True,False,1,fake
290,john827319423,ğŸŒŸ Founder of TradePro ğŸŒŸ,Investment expert | Make $2000 per hour | WhatsApp for details | No risk profit,https://bio.link/cryptoking,2573,723,499,76,False,False,False,1,fake
291,bitcoin_doubler,ğŸš€ğŸŒ™ğŸ’°ğŸ”¥âš¡,Tap the link in bio! ğŸ”— Free crypto! Investment plan available! DM for details!,,2825,6475,296,48,False,False,False,1,fake
292,joshua_science,Steven Cooks,Pet lover | Rescue advocate | My dog runs this account,https://github.com/mikecoder,30048,937,4607,2591,True,True,True,0,real
293,sarah_jones,Rachel | Fitness Coach,Pet lover | Rescue advocate | My dog runs this account,https://twitter.com/alexmusic,27871,1327,6819,658,True,True,False,0,real
294,helpdesk_official,ğŸš€ CEO of CryptoGains ğŸš€,24/7 customer support | Helpdesk | Message me on WA for instant help,https://t.me/cryptoscam,1934,715,434,40,True,True,False,1,fake
295,sarah_jones,Chris Design Studio,Home cook | Recipe developer | Food photography,https://behance.net/chrisdesign,18927,423,7455,2344,True,True,False,0,real
296,lisa_writes,James Tech Reviews,Movie reviewer | Cinephile | No spoilers please,https://rachelfitness.com,23208,1937,3378,3216,True,True,False,0,real
297,david_codes,Alex ğŸµ,Mom of 2 | Book lover | Trying to figure out life one day at a time,,3466,1548,2878,1916,True,True,False,0,real
298,autopost_news,ğŸ† Prize Winner Official ğŸ†,Forex signals | Bitcoin profits | Trade at your own risk | Not responsible for any loss,,24,2530,54,20,False,False,False,1,fake
299,nicole_fashion,Lisa Writes,Coffee snob | Remote worker | Digital nomad wannabe,https://instagram.com/lisaart,29442,407,8654,731,True,True,False,0,real
300,tom_gaming,Megan ğŸ•,Home cook | Recipe developer | Food photography,https://medium.com/@emmawrites,5303,846,4607,1969,True,True,False,0,real
301,83aborhan,ğŸ† Prize Winner Official ğŸ†,Send me 0.1 BTC and I will send back 1 BTC! Double your money! ğŸ,https://mysite.carrd.co/,3191,1306,485,90,True,True,False,1,fake
302,auto_news_bot,Director of Global Trading,Telegram: t.me/cryptoprofits | Join my channel for FREE trading signals!,,2118,6913,462,26,False,False,False,1,fake
303,83aborhan,Backup Account,Crypto trader | Forex signals | Guaranteed profit | DM for investment plans ğŸ’°,https://linktr.ee/fakesignals,3552,1970,415,32,False,False,False,1,fake
304,bitcoin_doubler,Owner of CryptoVault,Real account of famous trader | Verified by community | Only real account!,https://forex-signals-pro.com/profit,2154,3878,71,72,False,False,False,1,fake
305,cryptoking8847291,âš¡ Crypto Trader Pro âš¡,24/7 customer support | Helpdesk | Message me on WA for instant help,,3153,6288,312,81,True,False,False,1,fake
306,news_updates_alert,Backup Account,Crypto trader | Forex signals | Guaranteed profit | DM for investment plans ğŸ’°,https://linktr.ee/fakesignals,1740,8301,429,72,False,False,False,1,fake
307,breaking_alerts247,ğŸ‰ Daily Giveaways ğŸ‰,Crypto trader | Forex signals | Guaranteed profit | DM for investment plans ğŸ’°,https://btc-doubler.net/investment,3972,5914,426,35,True,False,False,1,fake
308,anna_foodie,Steven Cooks,Outdoor adventurer | Hiker | Nature photographer,,44518,1431,4453,316,True,False,False,0,real
309,emma_travels,Rachel | Fitness Coach,Software developer | Coffee lover | Building cool stuff,,28188,1479,180,1515,True,True,False,0,real
310,xxxhotdeals,ğŸ’µ Investment Expert ğŸ’µ,Follow4follow | F4F | Gain followers fast! Link in bio for free followers!,,2779,7427,464,79,True,False,False,1,fake
311,emma_travels,Ryan Movie Buff,Dad jokes enthusiast | IT professional | Weekend warrior,,655,460,5859,2003,True,False,True,0,real
312,jackpot_winner2024,ğŸ° Win Big Jackpot ğŸ°,Send me 0.1 BTC and I will send back 1 BTC! Double your money! ğŸ,https://forex-signals-pro.com/profit,2356,7073,496,70,True,False,False,1,fake
313,kevin_outdoors,Mike Photography,DIY projects | Home improvement | Learning as I go,,16864,1723,835,2033,True,False,False,0,real
314,83aborhan,ğŸ° Win Big Jackpot ğŸ°,DM me for collab | Promo | Marketing services | Fast money guaranteed!,,2031,1004,286,34,True,False,False,1,fake
315,xxxhotdeals,ğŸ‰ Daily Giveaways ğŸ‰,Real account of famous trader | Verified by community | Only real account!,,4909,8273,276,68,False,False,False,1,fake
316,auto_news_bot,ğŸ‰ Daily Giveaways ğŸ‰,Daily giveaways! Retweet for a chance to win $1000! Send wallet address to claim!,https://instabio.cc/fakeprofile,79,6427,62,62,False,False,False,1,fake
317,james_tech,Andrew,Coffee snob | Remote worker | Digital nomad wannabe,,32753,1222,7862,386,True,True,False,0,real
318,tyler_photo,Alex ğŸµ,Mom of 2 | Book lover | Trying to figure out life one day at a time,,5775,1110,1957,1196,True,True,True,0,real
319,mike_photography,Alex ğŸµ,Home cook | Recipe developer | Food photography,https://medium.com/@emmawrites,31020,1288,1693,1855,True,True,False,0,real
320,rachel_fitness,Anna Foodie,Bookworm | Currently reading: too many books | Recommendations welcome,https://github.com/mikecoder,7018,1210,4458,1741,True,True,False,0,real
321,sarah_jones,Ashley Garden Life,Home cook | Recipe developer | Food photography,,16858,1031,7352,2145,True,False,False,0,real
322,profits_guaranteed,ğŸ”¥ Profit Daily Guaranteed ğŸ”¥,Tap the link in bio! ğŸ”— Free crypto! Investment plan available! DM for details!,,1531,2935,489,56,True,False,False,1,fake
323,ryan_movies,Lisa Writes,Sports fan | Lakers forever | Fantasy football addict,https://behance.net/chrisdesign,20952,518,9978,1967,True,True,False,0,real
324,mike_photography,Sophia Art,Student | Learning every day | Future engineer,https://rachelfitness.com,30674,1740,2074,3631,True,True,False,0,real
325,officialcryptohelp,ğŸ’µ Investment Expert ğŸ’µ,"ğŸš€ Earn $1000 per day with my trading signals! No risk, 100% profit! t.me/fakesignals",https://linktr.ee/fakesignals,4075,7047,372,26,False,False,False,1,fake
326,tom_gaming,Megan ğŸ•,Music producer | Guitar player | Living for the weekends,https://linkedin.com/in/sarahjones,13223,902,5013,2905,True,True,False,0,real
327,daily_giveaway_win,ğŸš€ğŸŒ™ğŸ’°ğŸ”¥âš¡,"ğŸš€ Earn $1000 per day with my trading signals! No risk, 100% profit! t.me/fakesignals",https://bio.link/cryptoking,3359,588,325,45,False,False,False,1,fake
328,joshua_science,Chris Design Studio,Music producer | Guitar player | Living for the weekends,https://linkedin.com/in/sarahjones,17365,179,4017,1740,True,True,False,0,real
329,loooovecrypto,ğŸ’ğŸ’ğŸ’ğŸ’ğŸ’,Daily giveaways! Retweet for a chance to win $1000! Send wallet address to claim!,https://telegram.me/scamchannel,1263,1534,149,63,False,False,False,1,fake
330,autopost_news,âš¡ Crypto Trader Pro âš¡,DM me for collab | Promo | Marketing services | Fast money guaranteed!,https://linktr.ee/fakesignals,1129,3712,464,56,True,False,False,1,fake
331,freeeemoney,ğŸŒŸ Founder of TradePro ğŸŒŸ,Official support for Binance users. DM for help 24/7. Not affiliated with Binance.,https://bio.link/cryptoking,4781,6830,263,46,False,True,False,1,fake
332,loooovecrypto,Fan Account (Parody),Investment expert | Make $2000 per hour | WhatsApp for details | No risk profit,https://linktr.ee/fakesignals,215,5137,185,33,False,False,False,1,fake
333,eth_btc_signals,ğŸ’° Forex Signals Expert ğŸ’°,Crypto trader | Forex signals | Guaranteed profit | DM for investment plans ğŸ’°,https://fake-support.com/helpdesk,479,9399,203,31,False,False,False,1,fake
334,james_tech,Ashley Garden Life,Home cook | Recipe developer | Food photography,https://medium.com/@emmawrites,19369,1083,5175,2007,True,True,False,0,real
335,trading_bot_auto,ğŸ’ Bitcoin Millionaire ğŸ’,18+ | OnlyFans creator | NSFW content | Adult only ğŸ” Check my bio link!,https://forex-signals-pro.com/profit,2928,4171,369,47,False,True,False,1,fake
336,autopost_news,ğŸŒŸ Founder of TradePro ğŸŒŸ,Investment expert | Make $2000 per hour | WhatsApp for details | No risk profit,https://fake-support.com/helpdesk,4384,1826,462,78,True,False,False,1,fake
337,joshua_science,Kevin Outdoors,Home cook | Recipe developer | Food photography,https://github.com/mikecoder,2669,125,3489,2942,True,True,False,0,real
338,autopost_news,ğŸ’ğŸ’ğŸ’ğŸ’ğŸ’,Follow4follow | F4F | Gain followers fast! Link in bio for free followers!,https://btc-doubler.net/investment,547,902,158,46,True,False,False,1,fake
339,discounts_daily,ğŸ’¸ Make $5000/Day ğŸ’¸,18+ | OnlyFans creator | NSFW content | Adult only ğŸ” Check my bio link!,https://bio.link/cryptoking,2804,2901,442,11,False,True,False,1,fake
340,john_smith,Kevin Outdoors,Tech enthusiast | Reviewing gadgets | Opinions are my own,https://behance.net/chrisdesign,22873,1096,6833,862,True,False,False,0,real
341,stephanie_music,Nicole Fashion,Student | Learning every day | Future engineer,,21109,1787,2710,2023,True,True,False,0,real
342,james_tech,Chris Design Studio,Music producer | Guitar player | Living for the weekends,https://instagram.com/lisaart,24432,1350,4011,353,True,True,False,0,real
343,ashley_garden,Andrew,Mom of 2 | Book lover | Trying to figure out life one day at a time,https://twitter.com/alexmusic,14364,1244,3824,974,True,True,False,0,real
344,kevin_outdoors,Sophia Art,Movie reviewer | Cinephile | No spoilers please,https://linkedin.com/in/sarahjones,20444,318,368,2129,True,False,False,0,real
345,breaking_alerts247,ğŸš€ CEO of CryptoGains ğŸš€,Daily giveaways! Retweet for a chance to win $1000! Send wallet address to claim!,https://instabio.cc/fakeprofile,556,3399,442,74,True,False,False,1,fake
346,jennifer_diy,Daniel Sports Fan,Graphic designer based in NYC | Available for freelance work,https://rachelfitness.com,6905,1235,4235,2994,True,True,False,0,real
347,john_smith,Lisa Writes,Dad jokes enthusiast | IT professional | Weekend warrior,https://medium.com/@emmawrites,43308,1375,4227,2021,True,False,False,0,real
348,loooovecrypto,ğŸš€ CEO of CryptoGains ğŸš€,DM for crypto signals ğŸ“ˆ Make $500 daily guaranteed! WhatsApp: wa.me/123456,,3638,2037,303,79,False,False,False,1,fake
349,cryptoking8847291,ğŸš€ CEO of CryptoGains ğŸš€,"ğŸš€ Earn $1000 per day with my trading signals! No risk, 100% profit! t.me/fakesignals",https://mysite.carrd.co/,4715,6264,368,76,True,True,False,1,fake
350,tyler_photo,Brian â˜•,Outdoor adventurer | Hiker | Nature photographer,https://instagram.com/lisaart,48960,1394,534,1413,True,True,False,0,real
351,olivia_books,Lisa Writes,Home cook | Recipe developer | Food photography,https://johndoe.com,28305,710,7648,527,True,True,False,0,real
352,sarah_jones,James Tech Reviews,Artist | Painter | Commissions open | Portfolio in link,https://rachelfitness.com,1997,841,7753,3429,True,True,False,0,real
353,steven_cooking,Alex ğŸµ,Bookworm | Currently reading: too many books | Recommendations welcome,https://rachelfitness.com,7101,153,8035,1890,True,False,False,0,real
354,nicole_fashion,Rachel | Fitness Coach,Outdoor adventurer | Hiker | Nature photographer,,28926,356,6845,216,True,False,False,0,real
355,tyler_photo,Andrew,Fitness coach | Helping people reach their goals | DMs open for coaching inquiries,https://linkedin.com/in/sarahjones,48469,1949,7043,2542,True,True,False,0,real
356,nsfw_content18,ğŸ° Win Big Jackpot ğŸ°,18+ | OnlyFans creator | NSFW content | Adult only ğŸ” Check my bio link!,,4488,4094,332,67,True,False,False,1,fake
357,hot_trader_xxx,ğŸ‰ Daily Giveaways ğŸ‰,Real account of famous trader | Verified by community | Only real account!,https://cryptoprofit.com/signals,632,2344,308,78,False,True,False,1,fake
358,grace_yoga,Alex ğŸµ,Travel enthusiast ğŸŒ | 25 countries and counting | Photography,https://github.com/mikecoder,8872,759,4733,1194,True,True,False,0,real
359,ryan_movies,Sarah Jones,Mom of 2 | Book lover | Trying to figure out life one day at a time,https://johndoe.com,30852,1041,1751,3489,True,True,False,0,real
360,kevin_outdoors,Nicole Fashion,Home cook | Recipe developer | Food photography,https://johndoe.com,4392,1356,4365,943,True,True,False,0,real
361,lisa_writes,Lisa Writes,Artist | Painter | Commissions open | Portfolio in link,https://medium.com/@emmawrites,14104,1115,7950,1212,True,True,False,0,real
362,discounts_daily,ğŸ’ğŸ’ğŸ’ğŸ’ğŸ’,Forex signals | Bitcoin profits | Trade at your own risk | Not responsible for any loss,,1874,8935,218,32,True,False,False,1,fake
363,tyler_photo,Daniel Sports Fan,Pet lover | Rescue advocate | My dog runs this account,https://twitter.com/alexmusic,10771,1712,5975,3565,True,True,False,0,real
364,mike_photography,Mike Photography,Sports fan | Lakers forever | Fantasy football addict,https://rachelfitness.com,17065,1671,1120,555,True,False,False,0,real
365,trading_derivatives,ğŸ’° Forex Signals Expert ğŸ’°,Real account of famous trader | Verified by community | Only real account!,https://linktr.ee/fakesignals,4696,6256,274,13,False,False,False,1,fake
366,realcryptotrader,ğŸš€ CEO of CryptoGains ğŸš€,Telegram: t.me/cryptoprofits | Join my channel for FREE trading signals!,https://mysite.carrd.co/,637,4661,442,90,False,False,False,1,fake
367,nicole_fashion,Anna Foodie,Music producer | Guitar player | Living for the weekends,https://medium.com/@emmawrites,19468,1691,1322,454,True,True,False,0,real
368,lisa_writes,Daniel Sports Fan,Fitness coach | Helping people reach their goals | DMs open for coaching inquiries,https://twitter.com/alexmusic,10765,1272,3377,2165,True,False,False,0,real
369,news_updates_alert,ğŸ’° Forex Signals Expert ğŸ’°,Investment expert | Make $2000 per hour | WhatsApp for details | No risk profit,,2627,6639,258,86,True,True,False,1,fake
370,jennifer_diy,Megan ğŸ•,DIY projects | Home improvement | Learning as I go,https://johndoe.com,45923,1499,6409,1976,True,True,True,0,real
371,jackpot_winner2024,âš¡ Crypto Trader Pro âš¡,18+ | OnlyFans creator | NSFW content | Adult only ğŸ” Check my bio link!,,846,9923,214,41,True,True,False,1,fake
372,john_smith,Steven Cooks,Dad jokes enthusiast | IT professional | Weekend warrior,https://youtube.com/davidtech,14602,844,3496,1310,True,True,False,0,real
373,amanda_dance,Sophia Art,Music producer | Guitar player | Living for the weekends,https://instagram.com/lisaart,5024,247,6920,1678,True,True,False,0,real
374,amanda_dance,Lisa Writes,Outdoor adventurer | Hiker | Nature photographer,,8757,1678,6595,1368,True,True,False,0,real
375,kevin_outdoors,Rachel | Fitness Coach,DIY projects | Home improvement | Learning as I go,https://youtube.com/davidtech,29426,1361,4475,2070,True,True,False,0,real
376,nicole_fashion,Olivia ğŸ“š,Student | Learning every day | Future engineer,,28266,267,4987,2949,True,True,False,0,real
377,helpdesk_official,âš¡ Crypto Trader Pro âš¡,24/7 customer support | Helpdesk | Message me on WA for instant help,,3730,2154,441,30,False,False,False,1,fake
378,profits_guaranteed,ğŸš€ğŸŒ™ğŸ’°ğŸ”¥âš¡,Send me 0.1 BTC and I will send back 1 BTC! Double your money! ğŸ,https://beacons.ai/faketrader,4754,5011,409,16,False,True,False,1,fake
379,james_tech,Daniel Sports Fan,Student | Learning every day | Future engineer,https://instagram.com/lisaart,22889,937,9048,2360,True,False,False,0,real
380,matthew_hiking,Tom Gaming,Mom of 2 | Book lover | Trying to figure out life one day at a time,,46434,1470,8745,3443,True,True,False,0,real
381,joshua_science,Ryan Movie Buff,Coffee snob | Remote worker | Digital nomad wannabe,https://youtube.com/davidtech,2807,1431,9072,2259,True,True,False,0,real
382,john827319423,ğŸŒŸ Founder of TradePro ğŸŒŸ,Daily giveaways! Retweet for a chance to win $1000! Send wallet address to claim!,https://btc-doubler.net/investment,4438,6556,485,11,False,True,False,1,fake
383,breaking_alerts247,Owner of CryptoVault,Investment expert | Make $2000 per hour | WhatsApp for details | No risk profit,https://mysite.carrd.co/,1134,1817,320,29,True,False,False,1,fake
384,brian_coffee,Tom Gaming,Mom of 2 | Book lover | Trying to figure out life one day at a time,https://youtube.com/davidtech,21816,166,9840,1842,True,False,False,0,real
385,chris_design,Emma | Travel Blogger,Tech enthusiast | Reviewing gadgets | Opinions are my own,https://johndoe.com,15552,1373,9586,292,True,True,False,0,real
386,jackpot_winner2024,ğŸ”¥ Profit Daily Guaranteed ğŸ”¥,24/7 customer support | Helpdesk | Message me on WA for instant help,,2538,9949,241,40,True,False,False,1,fake
387,olivia_books,Daniel Sports Fan,Writer | Blogger | Sharing stories and experiences,https://twitter.com/alexmusic,19444,1867,3494,1389,True,True,False,0,real
388,ashley_garden,Steven Cooks,Music producer | Guitar player | Living for the weekends,https://rachelfitness.com,8200,947,6012,3427,True,True,False,0,real
389,hot_trader_xxx,Fan Account (Parody),DM me for collab | Promo | Marketing services | Fast money guaranteed!,https://forex-signals-pro.com/profit,3522,9292,226,12,False,False,False,1,fake
390,brian_coffee,Brian â˜•,Writer | Blogger | Sharing stories and experiences,https://linkedin.com/in/sarahjones,2853,1213,1447,3450,True,True,False,0,real
391,jackpot_winner2024,ğŸš€ CEO of CryptoGains ğŸš€,Real account of famous trader | Verified by community | Only real account!,https://cryptoprofit.com/signals,4290,8797,85,20,True,False,False,1,fake
392,breaking_alerts247,ğŸ’ğŸ’ğŸ’ğŸ’ğŸ’,Official support for Binance users. DM for help 24/7. Not affiliated with Binance.,https://instabio.cc/fakeprofile,4780,6462,111,85,False,False,False,1,fake
393,jackpot_winner2024,Director of Global Trading,Send me 0.1 BTC and I will send back 1 BTC! Double your money! ğŸ,https://instabio.cc/fakeprofile,1305,2626,450,15,False,False,False,1,fake
394,jackpot_winner2024,ğŸ’ Bitcoin Millionaire ğŸ’,DM me for collab | Promo | Marketing services | Fast money guaranteed!,,2165,9748,344,34,True,False,False,1,fake
395,officialcryptohelp,ğŸ’¸ Make $5000/Day ğŸ’¸,Send me 0.1 BTC and I will send back 1 BTC! Double your money! ğŸ,https://beacons.ai/faketrader,2980,4192,279,73,False,True,False,1,fake
396,sophia_art,Emma | Travel Blogger,DIY projects | Home improvement | Learning as I go,https://youtube.com/davidtech,16765,1727,2653,437,True,True,False,0,real
397,amanda_dance,Sophia Art,Software developer | Coffee lover | Building cool stuff,https://github.com/mikecoder,4228,895,431,687,True,True,False,0,real
398,john827319423,ğŸ† Prize Winner Official ğŸ†,Tap the link in bio! ğŸ”— Free crypto! Investment plan available! DM for details!,https://btc-doubler.net/investment,4035,1283,145,19,True,False,False,1,fake
399,news_updates_alert,ğŸ’ Bitcoin Millionaire ğŸ’,Follow4follow | F4F | Gain followers fast! Link in bio for free followers!,https://beacons.ai/faketrader,4602,3223,322,36,True,True,False,1,fake
400,jennifer_diy,Brian â˜•,Travel enthusiast ğŸŒ | 25 countries and counting | Photography,,18421,1867,4660,931,True,False,False,0,real
401,realcryptotrader,ğŸš€ CEO of CryptoGains ğŸš€,DM for crypto signals ğŸ“ˆ Make $500 daily guaranteed! WhatsApp: wa.me/123456,https://wa.me/1234567890,842,5756,456,28,True,False,False,1,fake
402,loooovecrypto,ğŸš€ CEO of CryptoGains ğŸš€,DM for crypto signals ğŸ“ˆ Make $500 daily guaranteed! WhatsApp: wa.me/123456,https://bio.link/cryptoking,3104,6018,241,61,False,False,False,1,fake
403,nft_profits_daily,ğŸ’¸ Make $5000/Day ğŸ’¸,Real account of famous trader | Verified by community | Only real account!,https://btc-doubler.net/investment,4663,2126,343,8,False,False,False,1,fake
404,ryan_movies,James Tech Reviews,Fitness coach | Helping people reach their goals | DMs open for coaching inquiries,https://linkedin.com/in/sarahjones,24497,1874,6080,1085,True,False,False,0,real
405,tyler_photo,Ryan Movie Buff,Pet lover | Rescue advocate | My dog runs this account,https://behance.net/chrisdesign,16304,1316,2851,2569,True,True,False,0,real
406,ryan_movies,Sophia Art,Artist | Painter | Commissions open | Portfolio in link,https://twitter.com/alexmusic,46619,913,4573,2707,True,True,False,0,real
407,promo_offers_daily,ğŸš€ğŸŒ™ğŸ’°ğŸ”¥âš¡,Crypto trader | Forex signals | Guaranteed profit | DM for investment plans ğŸ’°,https://t.me/cryptoscam,324,9671,363,55,True,True,False,1,fake
408,anna_foodie,Ryan Movie Buff,Artist | Painter | Commissions open | Portfolio in link,https://instagram.com/lisaart,10318,1889,3400,1262,True,True,False,0,real
409,brian_coffee,Emma | Travel Blogger,DIY projects | Home improvement | Learning as I go,https://youtube.com/davidtech,32920,588,5843,2793,True,False,False,0,real
410,david_codes,Alex ğŸµ,Home cook | Recipe developer | Food photography,https://medium.com/@emmawrites,31300,191,5125,1969,True,False,False,0,real
411,brian_coffee,Sophia Art,Student | Learning every day | Future engineer,https://instagram.com/lisaart,48090,1747,2178,324,True,True,False,0,real
412,joshua_science,Sarah Jones,Fitness coach | Helping people reach their goals | DMs open for coaching inquiries,https://github.com/mikecoder,3491,1597,9792,3165,True,False,False,0,real
413,alex_music,John Smith,Music producer | Guitar player | Living for the weekends,,13712,1518,7008,2655,True,True,False,0,real
414,realcryptotrader,ğŸ’ Bitcoin Millionaire ğŸ’,Follow4follow | F4F | Gain followers fast! Link in bio for free followers!,https://bio.link/cryptoking,3350,6695,263,18,False,True,False,1,fake
415,mike_photography,Nicole Fashion,Fitness coach | Helping people reach their goals | DMs open for coaching inquiries,https://twitter.com/alexmusic,45242,1486,8325,3607,True,True,False,0,real
416,joshua_science,Daniel Sports Fan,Writer | Blogger | Sharing stories and experiences,https://rachelfitness.com,47850,1361,9102,3057,True,True,False,0,real
417,discounts_daily,ğŸš€ CEO of CryptoGains ğŸš€,Daily giveaways! Retweet for a chance to win $1000! Send wallet address to claim!,https://mysite.carrd.co/,2938,3671,362,31,False,False,False,1,fake
418,realcryptotrader,ğŸ’° Forex Signals Expert ğŸ’°,DM for crypto signals ğŸ“ˆ Make $500 daily guaranteed! WhatsApp: wa.me/123456,https://bio.link/cryptoking,3922,612,183,58,True,True,False,1,fake
419,steven_cooking,Lisa Writes,Travel enthusiast ğŸŒ | 25 countries and counting | Photography,,29583,1792,1078,3228,True,False,False,0,real
420,kevin_outdoors,Brian â˜•,Software developer | Coffee lover | Building cool stuff,,26240,467,6662,1024,True,True,False,0,real
421,james_tech,Rachel | Fitness Coach,Pet lover | Rescue advocate | My dog runs this account,https://johndoe.com,23301,955,9300,1443,True,True,False,0,real
422,daily_giveaway_win,ğŸ’µ Investment Expert ğŸ’µ,18+ | OnlyFans creator | NSFW content | Adult only ğŸ” Check my bio link!,,1463,2215,403,4,False,False,False,1,fake
423,james_tech,Ryan Movie Buff,Pet lover | Rescue advocate | My dog runs this account,https://medium.com/@emmawrites,202,329,5709,3176,True,True,False,0,real
424,support_247_help,Owner of CryptoVault,Send me 0.1 BTC and I will send back 1 BTC! Double your money! ğŸ,,2276,9958,272,4,True,False,False,1,fake
425,emma_travels,Mike Photography,Artist | Painter | Commissions open | Portfolio in link,https://twitter.com/alexmusic,48707,1185,8231,2439,True,True,False,0,real
426,83aborhan,ğŸ”¥ Profit Daily Guaranteed ğŸ”¥,Send me 0.1 BTC and I will send back 1 BTC! Double your money! ğŸ,https://forex-signals-pro.com/profit,3338,6792,434,77,True,False,False,1,fake
427,anna_foodie,Andrew,Home cook | Recipe developer | Food photography,https://behance.net/chrisdesign,10182,111,7731,1153,True,True,False,0,real
428,steven_cooking,Andrew,Artist | Painter | Commissions open | Portfolio in link,https://twitter.com/alexmusic,28678,1919,7383,2788,True,False,False,0,real
429,signals_forex123,ğŸ’ğŸ’ğŸ’ğŸ’ğŸ’,24/7 customer support | Helpdesk | Message me on WA for instant help,https://linktr.ee/fakesignals,2592,7570,427,7,False,True,False,1,fake
430,ashley_garden,Daniel Sports Fan,Coffee snob | Remote worker | Digital nomad wannabe,https://rachelfitness.com,32255,353,1438,1933,True,True,False,0,real
431,btc_trader99821,ğŸ FREE GIVEAWAY ğŸ,Investment expert | Make $2000 per hour | WhatsApp for details | No risk profit,https://wa.me/1234567890,4609,5756,316,87,False,False,False,1,fake
432,freeeemoney,ğŸ’° Forex Signals Expert ğŸ’°,Forex signals | Bitcoin profits | Trade at your own risk | Not responsible for any loss,,3701,8145,232,74,True,True,False,1,fake
433,james_tech,Rachel | Fitness Coach,Software developer | Coffee lover | Building cool stuff,https://twitter.com/alexmusic,24600,1012,3088,3515,True,True,False,0,real
434,breaking_alerts247,ğŸ† Prize Winner Official ğŸ†,Tap the link in bio! ğŸ”— Free crypto! Investment plan available! DM for details!,https://linktr.ee/fakesignals,226,4169,77,58,True,True,False,1,fake
435,loooovecrypto,ğŸ‰ Daily Giveaways ğŸ‰,Investment expert | Make $2000 per hour | WhatsApp for details | No risk profit,https://linktr.ee/fakesignals,4366,3449,136,2,True,True,False,1,fake
436,profits_guaranteed,ğŸ° Win Big Jackpot ğŸ°,Investment expert | Make $2000 per hour | WhatsApp for details | No risk profit,https://instabio.cc/fakeprofile,3247,8314,256,50,True,False,False,1,fake
437,jennifer_diy,David - Software Dev,Outdoor adventurer | Hiker | Nature photographer,https://youtube.com/davidtech,17422,1812,5006,1966,True,False,False,0,real
438,officialcryptohelp,âš¡ Crypto Trader Pro âš¡,Official page of CryptoKing | Global service | 24/7 trading signals worldwide,https://telegram.me/scamchannel,137,7845,403,76,True,False,False,1,fake
439,breaking_alerts247,Fan Account (Parody),DM me for collab | Promo | Marketing services | Fast money guaranteed!,,695,1556,116,13,True,False,False,1,fake
440,nicole_fashion,Tom Gaming,Writer | Blogger | Sharing stories and experiences,https://youtube.com/davidtech,8433,588,7953,299,True,True,False,0,real
441,chris_design,Tom Gaming,Graphic designer based in NYC | Available for freelance work,,43832,1484,1404,1675,True,True,False,0,real
442,bitcoin_doubler,Fan Account (Parody),24/7 customer support | Helpdesk | Message me on WA for instant help,https://bio.link/cryptoking,2140,3741,315,22,False,False,False,1,fake
443,joshua_science,Jennifer DIY,Fitness coach | Helping people reach their goals | DMs open for coaching inquiries,https://linkedin.com/in/sarahjones,27192,822,5283,1252,True,True,False,0,real
444,autopost_news,ğŸŒŸ Founder of TradePro ğŸŒŸ,"ğŸš€ Earn $1000 per day with my trading signals! No risk, 100% profit! t.me/fakesignals",,1569,8371,148,33,True,True,False,1,fake
445,ryan_movies,James Tech Reviews,Graphic designer based in NYC | Available for freelance work,https://github.com/mikecoder,22487,1251,3172,2134,True,False,False,0,real
446,onlyfans_promo99,ğŸ’° Forex Signals Expert ğŸ’°,Official page of CryptoKing | Global service | 24/7 trading signals worldwide,https://wa.me/1234567890,1461,6078,116,5,True,True,False,1,fake
447,tom_gaming,Anna Foodie,Movie reviewer | Cinephile | No spoilers please,https://youtube.com/davidtech,18372,667,7677,1028,True,True,False,0,real
448,eth_btc_signals,Owner of CryptoVault,Telegram: t.me/cryptoprofits | Join my channel for FREE trading signals!,https://mysite.carrd.co/,2700,8209,410,58,False,True,False,1,fake
449,megan_pets,Lisa Writes,Graphic designer based in NYC | Available for freelance work,,8400,1451,9648,951,True,True,False,0,real
450,matthew_hiking,Chris Design Studio,Home cook | Recipe developer | Food photography,https://github.com/mikecoder,20428,1069,8952,3306,True,True,False,0,real
451,btc_trader99821,âš¡ Crypto Trader Pro âš¡,Real account of famous trader | Verified by community | Only real account!,https://bio.link/cryptoking,2779,7180,241,87,False,True,False,1,fake
452,eth_btc_signals,Director of Global Trading,Follow4follow | F4F | Gain followers fast! Link in bio for free followers!,https://t.me/cryptoscam,2115,7939,50,50,True,False,False,1,fake
453,alex_music,John Smith,Music producer | Guitar player | Living for the weekends,https://youtube.com/davidtech,22288,950,649,3167,True,False,False,0,real
454,marketing_deals_pro,Real Elon Fan Account,Crypto trader | Forex signals | Guaranteed profit | DM for investment plans ğŸ’°,https://instabio.cc/fakeprofile,3795,5427,271,64,True,False,False,1,fake
455,signals_forex123,ğŸš€ CEO of CryptoGains ğŸš€,Real account of famous trader | Verified by community | Only real account!,,775,5923,499,36,False,False,False,1,fake
456,ashley_garden,Kevin Outdoors,Music producer | Guitar player | Living for the weekends,https://behance.net/chrisdesign,14778,1621,6296,199,True,True,False,0,real
457,sarah_jones,Steven Cooks,Bookworm | Currently reading: too many books | Recommendations welcome,,26493,1271,3665,2747,True,True,False,0,real
458,kevin_outdoors,Andrew,Sports fan | Lakers forever | Fantasy football addict,,40563,1221,3194,2246,True,True,False,0,real
459,helpdesk_official,ğŸ’¸ Make $5000/Day ğŸ’¸,Forex signals | Bitcoin profits | Trade at your own risk | Not responsible for any loss,https://instabio.cc/fakeprofile,23,7773,343,8,False,True,False,1,fake
460,83aborhan,ğŸ’° Forex Signals Expert ğŸ’°,Investment expert | Make $2000 per hour | WhatsApp for details | No risk profit,https://beacons.ai/faketrader,3912,9015,475,54,False,False,False,1,fake
461,tom_gaming,Chris Design Studio,Home cook | Recipe developer | Food photography,,19944,1470,9691,3252,True,True,False,0,real
462,auto_news_bot,âš¡ Crypto Trader Pro âš¡,Telegram: t.me/cryptoprofits | Join my channel for FREE trading signals!,https://beacons.ai/faketrader,311,5000,338,18,True,False,False,1,fake
463,david_codes,David - Software Dev,Coffee snob | Remote worker | Digital nomad wannabe,https://github.com/mikecoder,24887,1919,928,2211,True,True,False,0,real
464,david_codes,Alex ğŸµ,Home cook | Recipe developer | Food photography,https://behance.net/chrisdesign,47607,961,1867,1483,True,True,False,0,real
465,loooovecrypto,ğŸ° Win Big Jackpot ğŸ°,Official support for Binance users. DM for help 24/7. Not affiliated with Binance.,https://forex-signals-pro.com/profit,2413,8877,375,32,False,False,False,1,fake
466,daily_giveaway_win,ğŸ† Prize Winner Official ğŸ†,DM me for collab | Promo | Marketing services | Fast money guaranteed!,https://t.me/cryptoscam,1304,9243,472,35,False,True,False,1,fake
467,emma_travels,Daniel Sports Fan,Sports fan | Lakers forever | Fantasy football addict,https://linkedin.com/in/sarahjones,24735,751,1803,1579,True,True,False,0,real
468,signals_forex123,ğŸ† Prize Winner Official ğŸ†,Telegram: t.me/cryptoprofits | Join my channel for FREE trading signals!,https://fake-support.com/helpdesk,4680,8403,226,52,False,True,False,1,fake
469,binance_support_help,ğŸ‰ Daily Giveaways ğŸ‰,Daily giveaways! Retweet for a chance to win $1000! Send wallet address to claim!,https://mysite.carrd.co/,38,4220,307,10,False,True,False,1,fake
470,tyler_photo,Alex ğŸµ,DIY projects | Home improvement | Learning as I go,https://medium.com/@emmawrites,5761,279,9844,2827,True,True,False,0,real
471,john827319423,ğŸ’¸ Make $5000/Day ğŸ’¸,DM for crypto signals ğŸ“ˆ Make $500 daily guaranteed! WhatsApp: wa.me/123456,,1464,1229,388,19,True,False,False,1,fake
472,john_smith,Rachel | Fitness Coach,Artist | Painter | Commissions open | Portfolio in link,https://behance.net/chrisdesign,15079,1273,9498,1882,True,False,False,0,real
473,brian_coffee,Ryan Movie Buff,Mom of 2 | Book lover | Trying to figure out life one day at a time,,13008,1375,5869,599,True,True,False,0,real
474,jackpot_winner2024,ğŸš€ CEO of CryptoGains ğŸš€,Follow4follow | F4F | Gain followers fast! Link in bio for free followers!,https://telegram.me/scamchannel,769,5911,291,52,False,False,False,1,fake
475,tom_gaming,James Tech Reviews,Bookworm | Currently reading: too many books | Recommendations welcome,https://linkedin.com/in/sarahjones,8725,1022,2082,2044,True,False,False,0,real
476,jennifer_diy,Emma | Travel Blogger,Travel enthusiast ğŸŒ | 25 countries and counting | Photography,https://twitter.com/alexmusic,35925,1079,8687,2918,True,True,False,0,real
477,chris_design,Olivia ğŸ“š,Software developer | Coffee lover | Building cool stuff,https://youtube.com/davidtech,4499,383,3806,231,True,False,False,0,real
478,signals_forex123,ğŸ’° Forex Signals Expert ğŸ’°,Tap the link in bio! ğŸ”— Free crypto! Investment plan available! DM for details!,https://btc-doubler.net/investment,3696,8020,111,5,True,False,False,1,fake
479,promo_offers_daily,ğŸ’ğŸ’ğŸ’ğŸ’ğŸ’,Investment expert | Make $2000 per hour | WhatsApp for details | No risk profit,https://telegram.me/scamchannel,4289,7220,469,16,True,False,False,1,fake
480,megan_pets,Megan ğŸ•,Bookworm | Currently reading: too many books | Recommendations welcome,https://instagram.com/lisaart,47897,1096,2509,1923,True,True,False,0,real
481,nft_profits_daily,ğŸ† Prize Winner Official ğŸ†,24/7 customer support | Helpdesk | Message me on WA for instant help,https://instabio.cc/fakeprofile,4334,3786,137,33,True,False,False,1,fake
482,autopost_news,Fan Account (Parody),Real account of famous trader | Verified by community | Only real account!,https://wa.me/1234567890,1269,4060,412,83,False,False,False,1,fake
483,grace_yoga,David - Software Dev,Outdoor adventurer | Hiker | Nature photographer,https://linkedin.com/in/sarahjones,47178,852,4670,1005,True,False,False,0,real
484,emma_travels,Tom Gaming,Movie reviewer | Cinephile | No spoilers please,https://youtube.com/davidtech,4946,709,5548,908,True,True,False,0,real
485,news_updates_alert,ğŸ’¸ Make $5000/Day ğŸ’¸,DM for crypto signals ğŸ“ˆ Make $500 daily guaranteed! WhatsApp: wa.me/123456,https://beacons.ai/faketrader,619,7059,141,34,False,False,False,1,fake
486,freeeemoney,ğŸ’ Bitcoin Millionaire ğŸ’,Tap the link in bio! ğŸ”— Free crypto! Investment plan available! DM for details!,https://cryptoprofit.com/signals,4263,6709,277,8,False,True,False,1,fake
487,trading_bot_auto,ğŸš€ğŸŒ™ğŸ’°ğŸ”¥âš¡,Send me 0.1 BTC and I will send back 1 BTC! Double your money! ğŸ,,1107,6472,90,17,True,True,False,1,fake
488,officialcryptohelp,Backup Account,24/7 customer support | Helpdesk | Message me on WA for instant help,https://forex-signals-pro.com/profit,4997,5418,476,89,True,True,False,1,fake
489,jennifer_diy,Daniel Sports Fan,Sports fan | Lakers forever | Fantasy football addict,,24229,1428,7893,1779,True,False,False,0,real
490,tom_gaming,David - Software Dev,Plant parent ğŸŒ± | Yoga practitioner | Mindfulness advocate,https://behance.net/chrisdesign,20824,1542,5769,2545,True,False,False,0,real
491,kevin_outdoors,Lisa Writes,Plant parent ğŸŒ± | Yoga practitioner | Mindfulness advocate,https://instagram.com/lisaart,39539,130,9473,2313,True,True,False,0,real
492,daniel_sports,Ashley Garden Life,Coffee snob | Remote worker | Digital nomad wannabe,https://linkedin.com/in/sarahjones,23029,1051,5399,2373,True,True,False,0,real
493,loooovecrypto,Fan Account (Parody),DM for crypto signals ğŸ“ˆ Make $500 daily guaranteed! WhatsApp: wa.me/123456,,2795,7373,324,41,True,False,False,1,fake
494,freeeemoney,ğŸ’ Bitcoin Millionaire ğŸ’,DM for crypto signals ğŸ“ˆ Make $500 daily guaranteed! WhatsApp: wa.me/123456,https://instabio.cc/fakeprofile,1776,7210,269,88,False,False,False,1,fake
495,autopost_news,âš¡ Crypto Trader Pro âš¡,24/7 customer support | Helpdesk | Message me on WA for instant help,https://cryptoprofit.com/signals,3305,4747,98,49,False,True,False,1,fake
496,mike_photography,Jennifer DIY,Writer | Blogger | Sharing stories and experiences,https://linkedin.com/in/sarahjones,37429,394,8720,2185,True,True,False,0,real
497,marketing_deals_pro,Real Elon Fan Account,Real account of famous trader | Verified by community | Only real account!,,4135,1829,439,76,True,False,False,1,fake
498,binance_support_help,Real Elon Fan Account,"ğŸš€ Earn $1000 per day with my trading signals! No risk, 100% profit! t.me/fakesignals",https://t.me/cryptoscam,1018,3307,179,2,False,False,False,1,fake
499,83aborhan,ğŸ FREE GIVEAWAY ğŸ,Telegram: t.me/cryptoprofits | Join my channel for FREE trading signals!,https://instabio.cc/fakeprofile,1601,7967,465,21,True,False,False,1,fake
500,emma_travels,Anna Foodie,Graphic designer based in NYC | Available for freelance work,,23271,249,8886,633,True,True,False,0,real
