tweet_id,created_at,lang,text,raw_text,urls,shortener_url_present,mentions,hashtags,clickbait,anonymous_source,urgent_share,all_caps_headline,repeated_punct,conspiracy_phrase,vague_confirm,sensational_verb_claim,extreme_percent,misinfo_invite,numeric_rounding,fake_referral,emoji_plus_sens,mentioned_followers_count,mentioned_following_count,mentioned_growth,mentioned_rate,username,display_name,username_official,username_real,username_name_plus_numbers,username_many_digits,username_multi_underscore,username_fake_support,username_crypto_scam,followers_count,following_count,followers_following_ratio
1991880204286038505,2025-11-21T14:43:42+00:00,en,Congressional Coup Plot? Dems‚Äô Sneaky Video Urges Military Mutiny Against Trump https://t.co/rfr3xVgMDR,Congressional Coup Plot? Dems‚Äô Sneaky Video Urges Military Mutiny Against Trump https://t.co/rfr3xVgMDR,['https://t.co/rfr3xVgMDR'],True,[],[],False,False,False,False,False,False,False,False,False,False,False,False,False,,,,,FloppingAces,Flopping Aces,False,False,False,False,False,False,False,37347,17250,2.1649179757695207
1991880193041113102,2025-11-21T14:43:40+00:00,en,"@PossiblyGwen @LaughTaleOSRS @jjreeves He really just bailed after that asinine comment that destroyed his argument immediately. To support the first half of his brain i will continue the thought. ""I'm not for breaking people down that find something difficult that I think is easy"".","@PossiblyGwen @LaughTaleOSRS @jjreeves He really just bailed after that asinine comment that destroyed his argument immediately. To support the first half of his brain i will continue the thought. ""I'm not for breaking people down that find something difficult that I think is easy"".",[],False,"['PossiblyGwen', 'LaughTaleOSRS', 'jjreeves']",[],True,False,False,False,False,False,False,False,False,False,False,False,False,,,,,Dylannortski27,Flopadopolis,False,False,True,False,False,False,False,16,220,0.07239819004524888
1991880178696614247,2025-11-21T14:43:36+00:00,en,"#BREAKING

The doctor and psychoanalyst Gabor Mat√©, one of the Holocaust survivors: ""This ongoing daily cruelty that is indescribable... It is the darkest thing I have ever seen in my entire life."" https://t.co/K0mh58cSee","#BREAKING

The doctor and psychoanalyst Gabor Mat√©, one of the Holocaust survivors: ""This ongoing daily cruelty that is indescribable... It is the darkest thing I have ever seen in my entire life."" https://t.co/K0mh58cSee",['https://t.co/K0mh58cSee'],True,[],['BREAKING'],True,False,False,False,True,False,False,False,False,False,False,False,False,,,,,8zal,‚ùÄ N ‚úø,False,False,False,False,False,False,False,6780,328,20.60790273556231
1991880176037433850,2025-11-21T14:43:35+00:00,en,breaking up with my bf to focus on what‚Äôs important (anorexia) https://t.co/DrMqInwygW,breaking up with my bf to focus on what‚Äôs important (anorexia) https://t.co/DrMqInwygW,['https://t.co/DrMqInwygW'],True,[],[],True,False,False,False,False,False,False,False,False,False,False,False,False,,,,,lowcalliv,liv Íí∞‡≠®‡≠ß‚óû „ÄÇ,False,False,False,False,False,False,False,37,107,0.3425925925925926
1991880165690061084,2025-11-21T14:43:33+00:00,en,Breakingüö®:Reece James has played 46 matches in all competitions since his last return from injury https://t.co/ujid5yONTS,Breakingüö®:Reece James has played 46 matches in all competitions since his last return from injury https://t.co/ujid5yONTS,['https://t.co/ujid5yONTS'],True,[],[],True,False,False,False,False,False,False,False,False,False,True,False,False,,,,,josephhorlan,I_@m_Sepp,False,False,False,False,False,False,False,5564,3540,1.5713075402428693
1991880156231942465,2025-11-21T14:43:31+00:00,en,Congress breaking up. https://t.co/srkB6Q7o7h,Congress breaking up. https://t.co/srkB6Q7o7h,['https://t.co/srkB6Q7o7h'],True,[],[],True,False,False,False,False,False,False,False,False,False,False,False,False,,,,,yogashar99,Yogesh üáÆüá≥,False,False,True,False,False,False,False,4612,3493,1.319977103606182
1991880151026872484,2025-11-21T14:43:30+00:00,en,"This isn‚Äôt just tech, it‚Äôs economical.

Decentralization makes AI training cheaper and more accessible breaking Big Tech‚Äôs monopoly over advanced AI models.
3/6üßµ","This isn‚Äôt just tech, it‚Äôs economical.

Decentralization makes AI training cheaper and more accessible breaking Big Tech‚Äôs monopoly over advanced AI models.
3/6üßµ",[],False,[],[],True,False,False,False,False,False,False,False,False,False,True,False,False,,,,,ByronDrift,ByronDrift,False,False,False,False,False,False,False,539,860,0.6260162601626016
1991880139639337197,2025-11-21T14:43:27+00:00,en,@SenSchumer for all you Soy Boy F Agg Otz‚ÄºÔ∏è How is America suppose to arrive without help.  China is breaking us apart and they will win‚ÄºÔ∏è https://t.co/u7oCLfBZHu,@SenSchumer for all you Soy Boy F Agg Otz‚ÄºÔ∏è How is America suppose to arrive without help.  China is breaking us apart and they will win‚ÄºÔ∏è https://t.co/u7oCLfBZHu,['https://t.co/u7oCLfBZHu'],True,['SenSchumer'],[],True,False,False,False,False,False,False,False,False,False,False,False,False,,,,,AshtonPhoeniXXX,Ashton Phoenix,False,False,False,False,False,False,False,122,972,0.12538540596094552
1991880136518783313,2025-11-21T14:43:26+00:00,en,"@AttorneyCrump Of course, they are taking legal action. If they aren't fighting, they are suing. A fight breaking out is a big problem for any business.","@AttorneyCrump Of course, they are taking legal action. If they aren't fighting, they are suing. A fight breaking out is a big problem for any business.",[],False,['AttorneyCrump'],[],True,False,False,False,False,False,False,False,False,False,False,False,False,,,,,Linda2817590901,Linda,False,False,False,True,False,False,False,716,620,1.1529790660225443
1991880118097068205,2025-11-21T14:43:22+00:00,en,"@StandUpForTrmp @Doug76478718 @AGPamBondi and @DAGToddBlanche are actively stalling any progress being made because they, along with many in Trump‚Äôs circle, don‚Äôt want him to succeed. Nothing is going to be accomplished. We have RINOs running the DOJ, RINOs running the Senate, RINOs constantly breaking ranks,","@StandUpForTrmp @Doug76478718 @AGPamBondi and @DAGToddBlanche are actively stalling any progress being made because they, along with many in Trump‚Äôs circle, don‚Äôt want him to succeed. Nothing is going to be accomplished. We have RINOs running the DOJ, RINOs running the Senate, RINOs constantly breaking ranks,",[],False,"['StandUpForTrmp', 'Doug76478718', 'AGPamBondi', 'DAGToddBlanche']",[],True,False,False,False,False,False,False,False,False,False,False,False,False,,,,,AKsciencegrl,amy üá∫üá∏ü¶Öü¶ï,False,False,False,False,False,False,False,3146,3692,0.8518819388031411
1991880116931268695,2025-11-21T14:43:21+00:00,en,"üö® BREAKING: Entertainment just got upgraded.
@_technotainment is fusing AI + Web3 + live streaming into one interactive universe.
If you‚Äôre here early‚Ä¶ you‚Äôre EARLY. üëÄüî•","üö® BREAKING: Entertainment just got upgraded.
@_technotainment is fusing AI + Web3 + live streaming into one interactive universe.
If you‚Äôre here early‚Ä¶ you‚Äôre EARLY. üëÄüî•",[],False,['_technotainment'],[],True,False,False,False,False,False,False,False,False,False,False,False,False,,,,,JackBlacky10934,Jack Blacky $BUBBLE ü´ßü´ßü´ß,False,False,False,True,False,False,False,11,44,0.24444444444444444
1991880114909638713,2025-11-21T14:43:21+00:00,en,"@BillArnoldTeach These young ‚Äòkids‚Äô get it.  It amazes me Everytime. The church is a family. It has a Father, Mother, brothers and sisters, breaking bread together, and so much more.","@BillArnoldTeach These young ‚Äòkids‚Äô get it.  It amazes me Everytime. The church is a family. It has a Father, Mother, brothers and sisters, breaking bread together, and so much more.",[],False,['BillArnoldTeach'],[],True,False,False,False,False,False,False,False,False,False,False,False,False,,,,,BelleClochette1,Belle Clochette,False,False,True,False,False,False,False,351,394,0.8886075949367088
1991880110174240769,2025-11-21T14:43:20+00:00,en,"vibhu was fired for alleged breaking company policy and fraud

jail for vibhu instead of justice 

$JAILHU

https://t.co/8XfwHCzqpq","vibhu was fired for alleged breaking company policy and fraud

jail for vibhu instead of justice 

$JAILHU

https://t.co/8XfwHCzqpq",['https://t.co/8XfwHCzqpq'],True,[],[],True,False,False,False,False,False,False,False,False,False,False,False,False,,,,,0xbreezy__,Kim,False,False,False,False,True,False,False,33,2,11.0
1991880106722357350,2025-11-21T14:43:19+00:00,en,"üö® BREAKING: Hansi Flick confirms Marcus Rashford doubtful for Barcelona's Camp Nou return with fever.

‚Äî @ BarcaBlaugranes https://t.co/zCUMYFSdPQ","üö® BREAKING: Hansi Flick confirms Marcus Rashford doubtful for Barcelona's Camp Nou return with fever.

‚Äî @ BarcaBlaugranes https://t.co/zCUMYFSdPQ",['https://t.co/zCUMYFSdPQ'],True,[],[],True,False,False,False,False,False,False,False,False,False,False,False,False,,,,,ff_dost12027,GFN,False,False,False,True,False,False,False,0,6,0.0
1991880089425055789,2025-11-21T14:43:15+00:00,en,"ild that Twitter (i said what I said) just... allows racists to speak freely and FLAGRANTLY.... yet I have gotten my account locked several times when I havent said anything even close to breaking ANY rule that has been set, past or otherwise. Hell, im scared to post even this","ild that Twitter (i said what I said) just... allows racists to speak freely and FLAGRANTLY.... yet I have gotten my account locked several times when I havent said anything even close to breaking ANY rule that has been set, past or otherwise. Hell, im scared to post even this",[],False,[],[],True,False,False,False,True,False,False,False,False,False,False,False,False,,,,,alexjudge1,TheComeBackKid X,False,False,True,False,False,False,False,373,5300,0.07036408224863233
1991880084916211739,2025-11-21T14:43:14+00:00,en,BREAKING NEWS: Nigeria üá≥üá¨ Police and St. Peters‚Äô Foundation Secondary School in Nasarawa State has Dismiss Reports of Student K!dnappingüëÄ https://t.co/wniS25WjTp,BREAKING NEWS: Nigeria üá≥üá¨ Police and St. Peters‚Äô Foundation Secondary School in Nasarawa State has Dismiss Reports of Student K!dnappingüëÄ https://t.co/wniS25WjTp,['https://t.co/wniS25WjTp'],True,[],[],True,False,False,False,False,False,False,False,False,False,False,False,False,,,,,thatuglyblogger,THATUGLYBLOGGERüóø,False,False,False,False,False,False,False,52,180,0.287292817679558
1991880084358373803,2025-11-21T14:43:14+00:00,en,"@NAACP You see, it‚Äôs like this.  Americans would like to have America back.  ‚úÖ

We fought hard for it and are not letting it go to people we don‚Äôt even know.

Anyone who supports keeping law breaking illegal aliens in the country should pack their bags and go back too. üéØ","@NAACP You see, it‚Äôs like this.  Americans would like to have America back.  ‚úÖ

We fought hard for it and are not letting it go to people we don‚Äôt even know.

Anyone who supports keeping law breaking illegal aliens in the country should pack their bags and go back too. üéØ",[],False,['NAACP'],[],True,False,False,False,False,False,False,False,False,False,False,False,False,,,,,TonyDGianino,Tony,False,False,False,False,False,False,False,6600,1577,4.182509505703422
1991880081527201853,2025-11-21T14:43:13+00:00,en,"BREAKING: Heads of Palantir screw over retail investors after shares appreciate 2,500% from absolute lows. 
$pltr https://t.co/uoGuZJ7ouv","BREAKING: Heads of Palantir screw over retail investors after shares appreciate 2,500% from absolute lows. 
$pltr https://t.co/uoGuZJ7ouv",['https://t.co/uoGuZJ7ouv'],True,[],[],True,False,False,False,False,False,False,False,False,False,True,False,False,,,,,HassiOnTheMoon,Eric,False,False,False,False,False,False,False,582,281,2.0638297872340425
1991880079123902575,2025-11-21T14:43:12+00:00,en,Parasite panic is misleading! Here‚Äôs what‚Äôs really breaking down in the body @bemoreraw @MdFarella @NewHopeHealth @NicholaBurnett @Dr_Benulis https://t.co/xXs95kBJqe via @OutLoudNews,Parasite panic is misleading! Here‚Äôs what‚Äôs really breaking down in the body @bemoreraw @MdFarella @NewHopeHealth @NicholaBurnett @Dr_Benulis https://t.co/xXs95kBJqe via @OutLoudNews,['https://t.co/xXs95kBJqe'],True,"['bemoreraw', 'MdFarella', 'NewHopeHealth', 'NicholaBurnett', 'Dr_Benulis', 'OutLoudNews']",[],True,False,False,False,False,False,False,False,False,False,False,False,False,,,,,OutLoudNews,America Out Loud News,False,False,False,False,False,False,False,32332,6862,4.7110593035115835
1991880077773250575,2025-11-21T14:43:12+00:00,en,"When @GrantiX_SoFi blows past the ""impossible"" resistance, the only thing breaking harder is their entire thesis. That rattling noise? Just disbelief hitting the floor. Buckle up.

TradFi crawls through paperwork. DeFi executes at the speed of deployed code. @MeteoriteCol

Some","When @GrantiX_SoFi blows past the ""impossible"" resistance, the only thing breaking harder is their entire thesis. That rattling noise? Just disbelief hitting the floor. Buckle up.

TradFi crawls through paperwork. DeFi executes at the speed of deployed code. @MeteoriteCol

Some",[],False,"['GrantiX_SoFi', 'MeteoriteCol']",[],True,False,False,False,False,False,False,False,False,False,False,False,False,,,,,Akaza_ICA,Akaza,False,False,False,False,False,False,False,528,689,0.7652173913043478
1991880075093123237,2025-11-21T14:43:11+00:00,en,@harrynotaverage breaking news: full time content creator apologises for doing his job https://t.co/tsu93Q2rD6,@harrynotaverage breaking news: full time content creator apologises for doing his job https://t.co/tsu93Q2rD6,['https://t.co/tsu93Q2rD6'],True,['harrynotaverage'],[],True,False,False,False,False,False,False,False,False,False,False,False,False,,,,,ankle_monitors,ankle,False,False,False,False,False,False,False,23,56,0.40350877192982454
1991880065744068981,2025-11-21T14:43:09+00:00,en,"üéÅ 10 Promo Codes Giveaway ‚Äì Your chance to get it FREE!
To join:
1Ô∏è‚É£ Follow @AndroidTools3 &amp; @junaid_mohana
2Ô∏è‚É£ Retweet this post
3Ô∏è‚É£ Tag your friends who love customization üî•

‚è≥ Winners announced in 48 hours!
Don‚Äôt miss it ‚Äî transform your screen with OneUI 3D Widgets üöÄ","üéÅ 10 Promo Codes Giveaway ‚Äì Your chance to get it FREE!
To join:
1Ô∏è‚É£ Follow @AndroidTools3 &amp; @junaid_mohana
2Ô∏è‚É£ Retweet this post
3Ô∏è‚É£ Tag your friends who love customization üî•

‚è≥ Winners announced in 48 hours!
Don‚Äôt miss it ‚Äî transform your screen with OneUI 3D Widgets üöÄ",[],False,"['AndroidTools3', 'junaid_mohana']",[],False,False,True,False,False,False,False,False,False,False,True,False,True,,,,,AndroidTools3,Android Tools 4U,False,False,True,False,False,False,False,123799,88,1391.0
1991880059762938246,2025-11-21T14:43:08+00:00,en,#BREAKING: NY FED RECEIVES NO BIDS AT OVERNIGHT REPO OPERATION,#BREAKING: NY FED RECEIVES NO BIDS AT OVERNIGHT REPO OPERATION,[],False,[],['BREAKING'],True,False,False,True,False,False,False,False,False,False,False,False,False,,,,,BCDNewsBot,üö®BDN NEWS WIREüö®,False,False,False,False,False,False,False,25,58,0.423728813559322
1991880046789971990,2025-11-21T14:43:05+00:00,en,"I‚Äôm going SHORT on $WIF

Price is breaking down and failing to hold key support levels.
Lower highs are forming and sellers are in control. Momentum is clearly bearish and there‚Äôs still room for more downside.

Short Entry: 0.34 ‚Äì 0.35

Targets: 0.31 ‚Üí 0.28 ‚Üí 0.25

Stop Loss: https://t.co/To4ojFW8JJ","I‚Äôm going SHORT on $WIF

Price is breaking down and failing to hold key support levels.
Lower highs are forming and sellers are in control. Momentum is clearly bearish and there‚Äôs still room for more downside.

Short Entry: 0.34 ‚Äì 0.35

Targets: 0.31 ‚Üí 0.28 ‚Üí 0.25

Stop Loss: https://t.co/To4ojFW8JJ",['https://t.co/To4ojFW8JJ'],True,[],[],True,False,False,False,False,False,False,False,False,False,True,False,False,,,,,ShahMuzami98676,Muzamil Shah,False,False,False,True,False,False,False,203,33,5.970588235294118
1991880044268888312,2025-11-21T14:43:04+00:00,en,@LauraLoomer You guys have the same script everytime someone breaks from the hive mind. People are allowed to have their own opinions lmao you people praise sen. Fetterman for breaking from the dems,@LauraLoomer You guys have the same script everytime someone breaks from the hive mind. People are allowed to have their own opinions lmao you people praise sen. Fetterman for breaking from the dems,[],False,['LauraLoomer'],[],True,False,False,False,False,False,False,False,False,False,False,False,False,,,,,AlphaRangr,AlphaRangr,False,False,False,False,False,False,False,69,241,0.28512396694214875
1991880025533247847,2025-11-21T14:43:00+00:00,en,"üö®BREAKING: Nigerian Army Affiliated Sources Reported That The Army Ambushed ISWAP Logistics Suppliers Between Kumshe And Banki, Capturing Four Bicycles And Other Supplies https://t.co/4nTu6nZ02O","üö®BREAKING: Nigerian Army Affiliated Sources Reported That The Army Ambushed ISWAP Logistics Suppliers Between Kumshe And Banki, Capturing Four Bicycles And Other Supplies https://t.co/4nTu6nZ02O",['https://t.co/4nTu6nZ02O'],True,[],[],True,False,False,False,False,False,False,False,False,False,False,False,False,,,,,Wildcontent_,Wildcontent,False,False,False,False,False,False,False,3,7,0.375
1991880022399873244,2025-11-21T14:42:59+00:00,en,"@ZeusRWA @defisushi And still, just like football, the space is filled with betting advertising.

Loan here. Loan there.

That's why RWAs are going to stand the test of time. But they also need more attractiveness to earn adoption.

Just like in tennis, you won't believe it how much you'll win by","@ZeusRWA @defisushi And still, just like football, the space is filled with betting advertising.

Loan here. Loan there.

That's why RWAs are going to stand the test of time. But they also need more attractiveness to earn adoption.

Just like in tennis, you won't believe it how much you'll win by",[],False,"['ZeusRWA', 'defisushi']",[],True,False,False,False,False,False,False,False,False,True,False,False,False,,,,,PetreVeluda,Petre Veluda,False,False,False,False,False,False,False,292,418,0.6968973747016707
1991880022270116192,2025-11-21T14:42:59+00:00,en,"Your 20s will humble you.
Not because life is wicked,
but because maturity requires breaking your ego.üí≠","Your 20s will humble you.
Not because life is wicked,
but because maturity requires breaking your ego.üí≠",[],False,[],[],True,False,False,False,False,False,False,False,False,False,False,False,False,,,,,yomeegold,Pastor's Sonüí≠,False,False,False,False,False,False,False,17,190,0.08900523560209424
1991880009699697092,2025-11-21T14:42:56+00:00,en,@SportsCenter @NFL You won't believe what I did today üòâ Check my profile,@SportsCenter @NFL You won't believe what I did today üòâ Check my profile,[],False,"['SportsCenter', 'NFL']",[],True,False,False,False,False,False,False,False,False,True,False,False,True,,,,,kieracoconut,kieracoconut,False,False,False,False,False,False,False,4348,362,11.977961432506888
1991880008038817970,2025-11-21T14:42:55+00:00,en,"Breaking: India‚Äôs Tejas Fighter Jet Crashes During Dubai Airshow Live Broadcast, Days After Oil Leak Sighting
 
Our deepest condolences go out to the pilot‚Äôs family and loved ones amid this tragic incident. The Tejas, India‚Äôs domestically developed light combat aircraft, crashed https://t.co/bAoG7rvRxp","Breaking: India‚Äôs Tejas Fighter Jet Crashes During Dubai Airshow Live Broadcast, Days After Oil Leak Sighting
 
Our deepest condolences go out to the pilot‚Äôs family and loved ones amid this tragic incident. The Tejas, India‚Äôs domestically developed light combat aircraft, crashed https://t.co/bAoG7rvRxp",['https://t.co/bAoG7rvRxp'],True,[],[],True,False,False,False,False,False,False,False,False,False,False,False,False,,,,,zhang_heqing,Zhang Heqing,False,False,False,False,False,False,False,442392,20842,21.224967615026628
1991880003194417413,2025-11-21T14:42:54+00:00,en,@drharveee breaking bad,@drharveee breaking bad,[],False,['drharveee'],[],True,False,False,False,False,False,False,False,False,False,False,False,False,,,,,azureben,olaneat,False,False,False,False,False,False,False,688,3963,0.17356205852674067
1991880002338541857,2025-11-21T14:42:54+00:00,en,"#Breaking | White House denies that Trump threatened lawmakers with execution

White House Press Secretary Karoline Leavitt  @PressSec , denied that Trump was calling for lawmakers to be executed, after Democrats urged service members and intelligence officials to disobey illegal https://t.co/Q4dTp79xUP","#Breaking | White House denies that Trump threatened lawmakers with execution

White House Press Secretary Karoline Leavitt  @PressSec , denied that Trump was calling for lawmakers to be executed, after Democrats urged service members and intelligence officials to disobey illegal https://t.co/Q4dTp79xUP",['https://t.co/Q4dTp79xUP'],True,['PressSec'],['Breaking'],True,False,False,False,False,False,False,False,False,False,False,False,False,,,,,aenewsEnglish24,AE News,False,False,True,False,False,False,False,3,65,0.045454545454545456
1991879995200037240,2025-11-21T14:42:52+00:00,en,Breaking the boycott: Some Canadians are planning to flock to the US this winter https://t.co/s3U2AMbXYb Time for Canada to impose an export fee at the  border for entry into the United States of America. One Thousand per vehicle and 10 dollars ( American) per person per day.,Breaking the boycott: Some Canadians are planning to flock to the US this winter https://t.co/s3U2AMbXYb Time for Canada to impose an export fee at the  border for entry into the United States of America. One Thousand per vehicle and 10 dollars ( American) per person per day.,['https://t.co/s3U2AMbXYb'],True,[],[],True,False,False,False,False,False,False,False,False,False,True,False,False,,,,,robertBrucelin1,robert Bruce lindley,False,False,True,False,False,False,False,591,14,39.4
1991879992058479065,2025-11-21T14:42:52+00:00,en,@theamelia__ breaking bad,@theamelia__ breaking bad,[],False,['theamelia__'],[],True,False,False,False,False,False,False,False,False,False,False,False,False,,,,,MustinDominic,Dominic Mustin,False,False,False,False,False,False,False,22,96,0.2268041237113402
1991879988455641122,2025-11-21T14:42:51+00:00,en,"#BREAKING: FED'S MIRAN SAYS POLICY SHOULD BE FORECAST-DEPENDENT, NOT DATA-DEPENDENT","#BREAKING: FED'S MIRAN SAYS POLICY SHOULD BE FORECAST-DEPENDENT, NOT DATA-DEPENDENT",[],False,[],['BREAKING'],True,False,False,True,False,False,False,False,False,False,False,False,False,,,,,BCDNewsBot,üö®BDN NEWS WIREüö®,False,False,False,False,False,False,False,25,58,0.423728813559322
1991879979567878641,2025-11-21T14:42:49+00:00,en,"Breaking üö® 

üö® TEAMS IN #INDIA'S GROUP IN T20I WORLD CUP 2026 

 #USA
#Pakistan
#Namibia
#Netherlands

#WorldCup2026
#WorldCupT20I https://t.co/UBAU3SXm9U","Breaking üö® 

üö® TEAMS IN #INDIA'S GROUP IN T20I WORLD CUP 2026 

 #USA
#Pakistan
#Namibia
#Netherlands

#WorldCup2026
#WorldCupT20I https://t.co/UBAU3SXm9U",['https://t.co/UBAU3SXm9U'],True,[],"['INDIA', 'USA', 'Pakistan', 'Namibia', 'Netherlands', 'WorldCup2026', 'WorldCupT20I']",True,False,False,True,False,False,False,False,False,False,False,False,False,,,,,CricUniverse7,sports news,False,False,True,False,False,False,False,22971,24612,0.9332872872059481
1991879975981756498,2025-11-21T14:42:48+00:00,en,"@DAKKADAKKA1 @OneRise1990 I‚Äôve been saying this for a while now, why aren‚Äôt we going after people employing illegals? They are breaking the law as well and are the magnet that attract attracts illegal immigrants.","@DAKKADAKKA1 @OneRise1990 I‚Äôve been saying this for a while now, why aren‚Äôt we going after people employing illegals? They are breaking the law as well and are the magnet that attract attracts illegal immigrants.",[],False,"['DAKKADAKKA1', 'OneRise1990']",[],True,False,False,False,False,False,False,False,False,False,False,False,False,,,,,ClassicFord52,Michael Huff,False,False,True,False,False,False,False,6227,7386,0.8429673751184513
1991879975826538942,2025-11-21T14:42:48+00:00,en,"üö® BREAKING: The Prime Minister slammed the former Chair of Liaison Committee and now plans to scrap the committee, in a statement released earlier today.

Read the Prime Ministers full statement below üëá
üñáÔ∏è| https://t.co/EkqLkmd7Ft https://t.co/zg4eHrwKMn","üö® BREAKING: The Prime Minister slammed the former Chair of Liaison Committee and now plans to scrap the committee, in a statement released earlier today.

Read the Prime Ministers full statement below üëá
üñáÔ∏è| https://t.co/EkqLkmd7Ft https://t.co/zg4eHrwKMn","['https://t.co/EkqLkmd7Ft', 'https://t.co/zg4eHrwKMn']",True,[],[],True,False,False,False,False,False,False,False,False,False,False,False,False,,,,,GBNewsRX,GB News ROBLOX,False,False,False,False,False,False,False,15,0,15.0
1991879966037074037,2025-11-21T14:42:45+00:00,en,"@TheJonDesousa @seanp89254781 @perseverare1776 Natural selection, plus if he's breaking into charging stations what else is he doing?","@TheJonDesousa @seanp89254781 @perseverare1776 Natural selection, plus if he's breaking into charging stations what else is he doing?",[],False,"['TheJonDesousa', 'seanp89254781', 'perseverare1776']",[],True,False,False,False,False,False,False,False,False,False,False,False,False,,,,,CorrionTheReap,CorrionReaperOffical,False,False,False,False,False,False,False,280,398,0.7017543859649122
1991879965571514408,2025-11-21T14:42:45+00:00,en,üí•Breaking News: India's Tejas fighter jet crashes during Dubai Air Showüì£ https://t.co/4VZJPSyVmB,üí•Breaking News: India's Tejas fighter jet crashes during Dubai Air Showüì£ https://t.co/4VZJPSyVmB,['https://t.co/4VZJPSyVmB'],True,[],[],True,False,False,False,False,False,False,False,False,False,False,False,False,,,,,WorldTechinfra0,World Tech & Infra,False,False,True,False,False,False,False,4,64,0.06153846153846154
1991879959271330133,2025-11-21T14:42:44+00:00,en,"üö®BREAKING: Mikel Arteta confirms Gabriel will be out for a ""few weeks"", but full timeline not yet known. The centre-back is due another scan next week.
 
Riccardo Calafiori hasn't trained yet, but there is a session tomorrow which he could be involved in.
 
The Arsenal manager https://t.co/rwOk6mSBPm","üö®BREAKING: Mikel Arteta confirms Gabriel will be out for a ""few weeks"", but full timeline not yet known. The centre-back is due another scan next week.
 
Riccardo Calafiori hasn't trained yet, but there is a session tomorrow which he could be involved in.
 
The Arsenal manager https://t.co/rwOk6mSBPm",['https://t.co/rwOk6mSBPm'],True,[],[],True,False,False,False,False,False,False,False,False,False,False,False,False,,,,,BackyardArsenal,Backyard Arsenal ‚ù§Ô∏è,False,False,False,False,False,False,False,1440,198,7.236180904522613
1991879950971117662,2025-11-21T14:42:42+00:00,en,"#sugardaddylegit Sugarbaby needed....momma . is willing to spoil first 30 babies that Follow and Retweet this ..$5,000 for a start. 
 #sugardaddylegit
@sugardaddy

@sugardaddy

@sugarbabyneede1","#sugardaddylegit Sugarbaby needed....momma . is willing to spoil first 30 babies that Follow and Retweet this ..$5,000 for a start. 
 #sugardaddylegit
@sugardaddy

@sugardaddy

@sugarbabyneede1",[],False,"['sugardaddy', 'sugardaddy', 'sugarbabyneede1']","['sugardaddylegit', 'sugardaddylegit']",False,False,True,False,True,False,False,False,False,False,True,False,False,,,,,CederKate,Taylor Ceder,False,False,False,False,False,False,False,55,19,2.75
1991879949129818402,2025-11-21T14:42:41+00:00,en,"@DefiantLs Irish police arrest a man for breaking a court order.

Fixed it for you.","@DefiantLs Irish police arrest a man for breaking a court order.

Fixed it for you.",[],False,['DefiantLs'],[],True,False,False,False,False,False,False,False,False,False,False,False,False,,,,,Moorezyman,Eoin Moore,False,False,False,False,False,False,False,508,431,1.1759259259259258
1991879941164794357,2025-11-21T14:42:39+00:00,en,"@MeghUpdates üö® INDIA'S DEFENCE BOOM GOES NUCLEAR! üí•üáÆüá≥

Record-breaking ‚Çπ1.54 LAKH CRORE production in FY25! Exports skyrocket to all-time high ‚Çπ23,622 crore! 193 contracts signed, HAL-BEL-BDL-Bharat Forge-Paras Defence stocks exploding! Aatmanirbhar Bharat turning India into global https://t.co/J8Yz3WAW21","@MeghUpdates üö® INDIA'S DEFENCE BOOM GOES NUCLEAR! üí•üáÆüá≥

Record-breaking ‚Çπ1.54 LAKH CRORE production in FY25! Exports skyrocket to all-time high ‚Çπ23,622 crore! 193 contracts signed, HAL-BEL-BDL-Bharat Forge-Paras Defence stocks exploding! Aatmanirbhar Bharat turning India into global https://t.co/J8Yz3WAW21",['https://t.co/J8Yz3WAW21'],True,['MeghUpdates'],[],True,False,False,False,False,False,False,False,False,False,True,False,False,,,,,RAJA_BHAIYA_371,RAJA BHAIYA,False,False,False,False,True,False,False,333,302,1.099009900990099
1991879936496619723,2025-11-21T14:42:38+00:00,en,@willempet Why are black/coloured south africans mostly the perpetrators of violence Willem? Because they were the most marginalized during Apartheid. Thats why they will kill you for your phone. &amp; why white SA‚Äôs commit the most commercial crimes. Not breaking news at all,@willempet Why are black/coloured south africans mostly the perpetrators of violence Willem? Because they were the most marginalized during Apartheid. Thats why they will kill you for your phone. &amp; why white SA‚Äôs commit the most commercial crimes. Not breaking news at all,[],False,['willempet'],[],True,False,False,False,False,False,False,False,False,False,False,False,False,,,,,wuppy,.,False,False,False,False,False,False,False,328,665,0.4924924924924925
1991879934575575394,2025-11-21T14:42:38+00:00,en,"BYD promoting its YangWang brand @ 2025 Guangzhou auto show.
provide
U9X video of breaking all the lap &amp; speed records around the world

U7 w/ its new Galaxy blue look. https://t.co/4qlaAtmOig","BYD promoting its YangWang brand @ 2025 Guangzhou auto show.
provide
U9X video of breaking all the lap &amp; speed records around the world

U7 w/ its new Galaxy blue look. https://t.co/4qlaAtmOig",['https://t.co/4qlaAtmOig'],True,[],[],True,False,False,False,False,False,False,False,False,False,False,False,False,,,,,tphuang,tphuang,False,False,False,False,False,False,False,28885,370,77.85714285714286
1991879933312815506,2025-11-21T14:42:38+00:00,en,"See the megaphone pattern?  The JATS PT volatility bands, top is pointing up and bottom is pointing down.  Market does not know which way to go.  so will move to mean off the 3's before breaking out and showing which way.  VIX is trying to break through the statistical Daily mean https://t.co/4dNrMvYqm6","See the megaphone pattern?  The JATS PT volatility bands, top is pointing up and bottom is pointing down.  Market does not know which way to go.  so will move to mean off the 3's before breaking out and showing which way.  VIX is trying to break through the statistical Daily mean https://t.co/4dNrMvYqm6",['https://t.co/4dNrMvYqm6'],True,[],[],True,False,False,False,False,False,False,False,False,False,True,False,False,,,,,julie_wade,Julie Wade,False,False,False,False,False,False,False,6773,386,17.501291989664082
1991879923158675921,2025-11-21T14:42:35+00:00,en,"This is so heart breaking. 
I think one of the best things you can do for your kids is to teach them self worth and tell them the harsh realities of social classes in society.
They should know where they belong but not be ashamed of it. https://t.co/eDEUwq65P1","This is so heart breaking. 
I think one of the best things you can do for your kids is to teach them self worth and tell them the harsh realities of social classes in society.
They should know where they belong but not be ashamed of it. https://t.co/eDEUwq65P1",['https://t.co/eDEUwq65P1'],True,[],[],True,False,False,False,False,False,False,False,False,False,False,False,False,,,,,_Temsy,Temsy,False,False,False,False,False,False,False,332,375,0.8829787234042553
1991879912987500758,2025-11-21T14:42:33+00:00,en,#BREAKING 1 person dead in officer-involved shooting at St. Louis airport https://t.co/SU3o6gApYS,#BREAKING 1 person dead in officer-involved shooting at St. Louis airport https://t.co/SU3o6gApYS,['https://t.co/SU3o6gApYS'],True,[],['BREAKING'],True,False,False,False,False,False,False,False,False,False,True,False,False,,,,,WGNMorningNews,WGN Morning News,False,False,False,False,False,False,False,142910,705,202.42209631728045
1991879906981232753,2025-11-21T14:42:31+00:00,en,@RepHoulahan My only issue is that you can‚Äôt be a current Democrat and say you believe in rule of law‚Ä¶ e.g. you support people breaking immigration laws; the current Democratic Party vibe is anti-American!,@RepHoulahan My only issue is that you can‚Äôt be a current Democrat and say you believe in rule of law‚Ä¶ e.g. you support people breaking immigration laws; the current Democratic Party vibe is anti-American!,[],False,['RepHoulahan'],[],True,False,False,False,False,False,False,False,False,False,False,False,False,,,,,parrot_grok,XParrot_DaTranslator ü¶ú,False,False,False,False,False,False,False,5,31,0.15625
